33.85868593477873,-116.6470528701483,0
33.85868593477873,-116.6756242987197,1
33.87093083273791,-116.6470528701483,2
33.87093083273791,-116.6756242987197,3
33.87093083273791,-116.7041957272911,4
33.88317573069709,-116.6756242987197,5
33.88317573069709,-116.7041957272911,6
33.89542062865628,-116.7041957272911,7
33.98113491437056,-116.7899100130054,8
33.98113491437056,-116.8184814415768,9
33.98113491437056,-116.8756242987197,10
33.98113491437056,-116.9327671558625,11
33.99337981232975,-116.7899100130054,12
33.99337981232975,-116.8184814415768,13
33.99337981232975,-116.8756242987197,14
33.99337981232975,-116.9041957272911,15
33.99337981232975,-116.9327671558625,16
34.00562471028893,-116.7899100130054,17
34.00562471028893,-116.8184814415768,18
34.00562471028893,-116.8470528701483,19
34.00562471028893,-116.8756242987197,20
34.00562471028893,-116.9041957272911,21
34.00562471028893,-116.9327671558625,22
34.01786960824811,-116.7899100130054,23
34.01786960824811,-116.8184814415768,24
34.01786960824811,-116.8470528701483,25
34.01786960824811,-116.8756242987197,26
34.01786960824811,-116.9041957272911,27
34.01786960824811,-116.9327671558625,28
34.0301145062073,-116.7899100130054,29
34.0301145062073,-116.8470528701483,30
34.0301145062073,-116.8756242987197,31
34.0301145062073,-116.9041957272911,32
34.04235940416648,-116.8470528701483,33
34.04235940416648,-116.8756242987197,34
34.04235940416648,-116.9041957272911,35
34.05460430212566,-116.7899100130054,36
34.05460430212566,-116.8184814415768,37
34.05460430212566,-116.8470528701483,38
34.05460430212566,-116.8756242987197,39
34.05460430212566,-116.9041957272911,40
34.06684920008485,-116.8184814415768,41
34.06684920008485,-116.8470528701483,42
34.07909409804403,-116.7899100130054,43
34.07909409804403,-116.8184814415768,44
33.67501246539097,-117.7041957272911,45
33.69950226130933,-117.6756242987197,46
33.69950226130933,-117.7041957272911,47
33.69950226130933,-117.7327671558625,48
33.71174715926852,-117.6470528701483,49
33.71174715926852,-117.6756242987197,50
33.71174715926852,-117.7041957272911,51
33.71174715926852,-117.7327671558625,52
33.7239920572277,-117.6470528701483,53
33.7239920572277,-117.6756242987197,54
33.7239920572277,-117.7041957272911,55
33.7239920572277,-117.7327671558625,56
33.7239920572277,-117.6470528701483,57
33.7239920572277,-117.6756242987197,58
33.7239920572277,-117.7041957272911,59
33.7239920572277,-117.7327671558625,60
33.73623695518689,-117.6184814415768,61
33.73623695518689,-117.6470528701483,62
33.73623695518689,-117.6756242987197,63
33.73623695518689,-117.7041957272911,64
33.73623695518689,-117.7327671558625,65
33.74848185314607,-117.6756242987197,66
33.74848185314607,-117.7041957272911,67
33.74848185314607,-117.7327671558625,68
33.76072675110525,-117.7041957272911,69
33.88317573069709,-117.6756242987197,70
33.88317573069709,-117.7041957272911,71
33.89542062865628,-117.0756242987197,72
33.89542062865628,-117.6756242987197,73
33.89542062865628,-117.7041957272911,74
33.90766552661546,-117.0470528701483,75
33.90766552661546,-117.6184814415768,76
33.90766552661546,-117.6470528701483,77
33.90766552661546,-117.6756242987197,78
33.90766552661546,-117.7041957272911,79
33.90766552661546,-117.7327671558625,80
33.91991042457465,-117.6756242987197,81
33.91991042457465,-117.7041957272911,82
33.91991042457465,-117.7327671558625,83
33.93215532253383,-117.6756242987197,84
33.93215532253383,-117.7041957272911,85
33.93215532253383,-117.7327671558625,86
33.94440022049301,-117.7041957272911,87
33.94440022049301,-117.7327671558625,88
33.98113491437056,-116.9327671558625,89
33.99337981232975,-116.9327671558625,90
34.00562471028893,-116.9327671558625,91
34.01786960824811,-116.9327671558625,92
35.84235940416649,-118.7327671558626,93
35.29133899600322,-120.0184814415769,94
35.3035838939624,-120.0184814415769,95
35.31582879192158,-120.0184814415769,96
35.40154307763587,-120.4470528701483,97
35.41378797559506,-120.4470528701483,98
35.49950226130934,-120.8470528701483,99
35.87909409804404,-121.1041957272911,100
35.96480838375832,-120.3041957272911,101
35.9770532817175,-120.3041957272911,102
35.98929817967669,-120.3041957272911,103
36.09950226130934,-120.4470528701483,104
36.09950226130934,-120.4756242987197,105
36.09950226130934,-120.5041957272911,106
36.11174715926852,-120.4756242987197,107
36.11174715926852,-120.5041957272911,108
36.12399205722771,-120.5041957272911,109
36.12399205722771,-120.5041957272911,110
36.1362369551869,-120.5041957272911,111
36.1362369551869,-120.5327671558626,112
36.1362369551869,-120.561338584434,113
36.14848185314608,-120.5041957272911,114
36.14848185314608,-120.5327671558626,115
36.14848185314608,-120.561338584434,116
36.16072675110526,-120.5327671558626,117
36.16072675110526,-120.561338584434,118
36.17297164906444,-120.5327671558626,119
36.17297164906444,-120.561338584434,120
36.18521654702363,-120.5327671558626,121
36.18521654702363,-120.561338584434,122
36.18521654702363,-120.5899100130054,123
36.19746144498281,-120.5327671558626,124
36.19746144498281,-120.561338584434,125
36.19746144498281,-120.5899100130054,126
36.19746144498281,-120.6184814415768,127
36.19746144498281,-120.6470528701483,128
36.209706342942,-120.561338584434,129
36.209706342942,-120.5899100130054,130
36.209706342942,-120.6184814415768,131
36.209706342942,-120.6470528701483,132
36.22195124090118,-120.561338584434,133
36.22195124090118,-120.5899100130054,134
36.22195124090118,-120.6184814415768,135
36.22195124090118,-120.6470528701483,136
36.23419613886036,-120.5899100130054,137
36.23419613886036,-120.6184814415768,138
36.23419613886036,-120.6470528701483,139
36.24644103681955,-120.6184814415768,140
36.27093083273792,-121.0756242987197,141
36.40562471028893,-120.9899100130054,142
36.67501246539098,-120.9899100130054,143
36.67501246539098,-121.0184814415769,144
37.09133899600322,-119.9041957272911,145
37.14031858783996,-121.1327671558626,146
37.15256348579914,-121.1327671558626,147
37.77705328171751,-120.2470528701483,148
37.77705328171751,-120.2756242987197,149
37.78929817967669,-120.2756242987197,150
37.80154307763588,-120.2756242987197,151
37.98521654702363,-120.7327671558626,152
37.99746144498282,-120.761338584434,153
38.009706342942,-120.761338584434,154
38.07093083273792,-120.7041957272911,155
38.24235940416649,-121.0756242987197,156
38.41378797559506,-121.1327671558626,157
38.4627675674318,-121.0756242987197,158
38.56072675110526,-121.1327671558626,159
38.57297164906445,-121.1327671558626,160
38.58521654702363,-121.1327671558626,161
38.59746144498282,-121.1327671558626,162
39.25868593477874,-121.1041957272911,163
39.27093083273792,-121.1041957272911,164
39.2831757306971,-121.1041957272911,165
40.38521654702364,-120.7899100130054,166
40.39746144498282,-120.7899100130054,167
40.39746144498282,-120.8184814415768,168
40.40970634294201,-120.7899100130054,169
40.40970634294201,-120.8184814415768,170
40.42195124090119,-120.7899100130054,171
40.42195124090119,-120.8184814415768,172
40.42195124090119,-120.8470528701483,173
40.43419613886037,-120.7899100130054,174
40.43419613886037,-120.8184814415768,175
40.44644103681956,-120.7899100130054,176
41.00970634294201,-120.7327671558626,177
41.02195124090119,-120.7327671558626,178
41.02195124090119,-120.7899100130054,179
41.02195124090119,-120.8470528701483,180
41.03419613886037,-120.761338584434,181
41.03419613886037,-120.7899100130054,182
41.03419613886037,-120.8184814415768,183
41.03419613886037,-120.8470528701483,184
41.04644103681956,-120.7899100130054,185
41.04644103681956,-120.8184814415768,186
41.04644103681956,-120.8470528701483,187
41.05868593477874,-120.7899100130054,188
41.05868593477874,-120.8184814415768,189
41.05868593477874,-120.8470528701483,190
41.05868593477874,-120.8756242987197,191
41.07093083273793,-120.7899100130054,192
41.07093083273793,-120.8184814415768,193
41.07093083273793,-120.8470528701483,194
41.07093083273793,-120.8756242987197,195
41.08317573069711,-120.7899100130054,196
41.08317573069711,-120.8184814415768,197
41.08317573069711,-120.8470528701483,198
41.08317573069711,-120.8756242987197,199
41.09542062865629,-120.7899100130054,200
41.09542062865629,-120.8184814415768,201
41.09542062865629,-120.8756242987197,202
41.09542062865629,-120.9041957272911,203
41.10766552661548,-120.761338584434,204
41.10766552661548,-120.7899100130054,205
41.10766552661548,-120.9041957272911,206
41.11991042457466,-120.761338584434,207
41.11991042457466,-120.7899100130054,208
36.38113491437057,-121.5327671558626,209
36.39337981232975,-121.4470528701483,210
36.39337981232975,-121.5327671558626,211
36.39337981232975,-121.5899100130054,212
36.39337981232975,-121.6184814415769,213
36.40562471028893,-121.4756242987197,214
36.40562471028893,-121.5327671558626,215
36.40562471028893,-121.561338584434,216
36.40562471028893,-121.6184814415769,217
36.40562471028893,-121.6470528701483,218
36.41786960824812,-121.4756242987197,219
36.41786960824812,-121.5327671558626,220
36.41786960824812,-121.561338584434,221
36.41786960824812,-121.6184814415769,222
36.41786960824812,-121.6470528701483,223
36.4301145062073,-121.4756242987197,224
36.4301145062073,-121.5041957272911,225
36.4301145062073,-121.5327671558626,226
36.4301145062073,-121.561338584434,227
36.4301145062073,-121.5899100130054,228
36.4301145062073,-121.6756242987197,229
36.4301145062073,-121.7041957272911,230
36.44235940416649,-121.4756242987197,231
36.44235940416649,-121.5041957272911,232
36.44235940416649,-121.5327671558626,233
36.44235940416649,-121.561338584434,234
36.44235940416649,-121.5899100130054,235
36.44235940416649,-121.7041957272911,236
36.45460430212567,-121.5041957272911,237
36.45460430212567,-121.5327671558626,238
36.45460430212567,-121.561338584434,239
36.45460430212567,-121.5899100130054,240
36.45460430212567,-121.6184814415769,241
36.46684920008485,-121.5041957272911,242
36.46684920008485,-121.5327671558626,243
36.46684920008485,-121.561338584434,244
36.46684920008485,-121.5899100130054,245
36.46684920008485,-121.6184814415769,246
36.47909409804404,-121.5041957272911,247
36.47909409804404,-121.5327671558626,248
36.47909409804404,-121.561338584434,249
36.47909409804404,-121.5899100130054,250
36.47909409804404,-121.6184814415769,251
36.49133899600322,-121.5327671558626,252
36.49133899600322,-121.561338584434,253
36.49133899600322,-121.5899100130054,254
36.49133899600322,-121.6184814415769,255
36.50358389396241,-121.5327671558626,256
36.50358389396241,-121.561338584434,257
36.50358389396241,-121.5899100130054,258
36.50358389396241,-121.6184814415769,259
36.51582879192159,-121.561338584434,260
36.51582879192159,-121.5899100130054,261
36.52807368988077,-121.561338584434,262
36.52807368988077,-121.5899100130054,263
36.54031858783996,-121.561338584434,264
36.54031858783996,-121.5899100130054,265
36.54031858783996,-121.6184814415769,266
36.55256348579914,-121.3899100130054,267
36.55256348579914,-121.5899100130054,268
36.55256348579914,-121.6184814415769,269
36.55256348579914,-121.6470528701483,270
36.56480838375833,-121.5899100130054,271
36.56480838375833,-121.6184814415769,272
36.56480838375833,-121.6470528701483,273
36.5770532817175,-121.5899100130054,274
36.5770532817175,-121.6470528701483,275
36.5770532817175,-121.6756242987197,276
36.58929817967669,-121.6470528701483,277
36.58929817967669,-121.6756242987197,278
36.60154307763587,-121.6756242987197,279
36.68725736335016,-121.561338584434,280
37.00562471028893,-121.4470528701483,281
37.00562471028893,-121.4756242987197,282
37.01786960824812,-121.4184814415769,283
37.01786960824812,-121.4470528701483,284
37.01786960824812,-121.4756242987197,285
37.0301145062073,-121.4470528701483,286
37.0301145062073,-121.4756242987197,287
37.0301145062073,-121.5041957272911,288
37.0301145062073,-122.1041957272911,289
37.0301145062073,-122.1327671558626,290
37.0301145062073,-122.1899100130054,291
37.04235940416649,-121.161338584434,292
37.04235940416649,-122.1041957272911,293
37.04235940416649,-122.1327671558626,294
37.04235940416649,-122.161338584434,295
37.04235940416649,-122.1899100130054,296
37.04235940416649,-122.2184814415769,297
37.05460430212567,-121.161338584434,298
37.05460430212567,-122.1041957272911,299
37.05460430212567,-122.1327671558626,300
37.05460430212567,-122.161338584434,301
37.05460430212567,-122.1899100130054,302
37.05460430212567,-122.2184814415769,303
37.06684920008485,-122.1041957272911,304
37.06684920008485,-122.161338584434,305
37.06684920008485,-122.1899100130054,306
37.06684920008485,-122.2184814415769,307
37.06684920008485,-122.2470528701483,308
37.07909409804404,-122.1041957272911,309
37.07909409804404,-122.1327671558626,310
37.07909409804404,-122.161338584434,311
37.07909409804404,-122.1899100130054,312
37.07909409804404,-122.2184814415769,313
37.07909409804404,-122.2470528701483,314
37.09133899600322,-122.1327671558626,315
37.09133899600322,-122.161338584434,316
37.09133899600322,-122.1899100130054,317
37.09133899600322,-122.2184814415769,318
37.09133899600322,-122.2470528701483,319
37.09133899600322,-122.2756242987197,320
37.10358389396241,-121.3327671558626,321
37.10358389396241,-122.1327671558626,322
37.10358389396241,-122.161338584434,323
37.10358389396241,-122.1899100130054,324
37.10358389396241,-122.2184814415769,325
37.10358389396241,-122.2470528701483,326
37.11582879192159,-121.3327671558626,327
37.11582879192159,-121.361338584434,328
37.11582879192159,-121.3899100130054,329
37.11582879192159,-121.4184814415769,330
37.11582879192159,-122.1327671558626,331
37.11582879192159,-122.161338584434,332
37.11582879192159,-122.1899100130054,333
37.11582879192159,-122.2184814415769,334
37.11582879192159,-122.2470528701483,335
37.11582879192159,-122.2756242987197,336
37.12807368988077,-121.3327671558626,337
37.12807368988077,-121.361338584434,338
37.12807368988077,-121.3899100130054,339
37.12807368988077,-121.4184814415769,340
37.12807368988077,-121.4470528701483,341
37.12807368988077,-122.1327671558626,342
37.12807368988077,-122.161338584434,343
37.12807368988077,-122.1899100130054,344
37.12807368988077,-122.2184814415769,345
37.12807368988077,-122.2470528701483,346
37.12807368988077,-122.2756242987197,347
37.12807368988077,-122.3041957272911,348
37.14031858783996,-121.1327671558626,349
37.14031858783996,-121.2184814415769,350
37.14031858783996,-121.3041957272911,351
37.14031858783996,-121.3327671558626,352
37.14031858783996,-121.361338584434,353
37.14031858783996,-121.3899100130054,354
37.14031858783996,-121.4184814415769,355
37.14031858783996,-121.4470528701483,356
37.14031858783996,-122.1327671558626,357
37.14031858783996,-122.161338584434,358
37.14031858783996,-122.1899100130054,359
37.14031858783996,-122.2184814415769,360
37.14031858783996,-122.2470528701483,361
37.14031858783996,-122.2756242987197,362
37.14031858783996,-122.3041957272911,363
37.14031858783996,-122.3327671558626,364
37.15256348579914,-121.1327671558626,365
37.15256348579914,-121.161338584434,366
37.15256348579914,-121.2184814415769,367
37.15256348579914,-121.2470528701483,368
37.15256348579914,-121.2756242987197,369
37.15256348579914,-121.3041957272911,370
37.15256348579914,-121.3327671558626,371
37.15256348579914,-121.361338584434,372
37.15256348579914,-121.3899100130054,373
37.15256348579914,-121.4184814415769,374
37.15256348579914,-121.4470528701483,375
37.15256348579914,-121.4756242987197,376
37.15256348579914,-122.161338584434,377
37.15256348579914,-122.1899100130054,378
37.15256348579914,-122.2184814415769,379
37.15256348579914,-122.2470528701483,380
37.15256348579914,-122.2756242987197,381
37.15256348579914,-122.3041957272911,382
37.15256348579914,-122.3327671558626,383
37.16480838375833,-121.161338584434,384
37.16480838375833,-121.1899100130054,385
37.16480838375833,-121.2184814415769,386
37.16480838375833,-121.2470528701483,387
37.16480838375833,-121.2756242987197,388
37.16480838375833,-121.3041957272911,389
37.16480838375833,-121.3327671558626,390
37.16480838375833,-121.361338584434,391
37.16480838375833,-121.3899100130054,392
37.16480838375833,-121.4184814415769,393
37.16480838375833,-121.4470528701483,394
37.16480838375833,-121.4756242987197,395
37.16480838375833,-122.161338584434,396
37.16480838375833,-122.1899100130054,397
37.16480838375833,-122.2184814415769,398
37.16480838375833,-122.2470528701483,399
37.16480838375833,-122.2756242987197,400
37.16480838375833,-122.3041957272911,401
37.17705328171751,-121.1899100130054,402
37.17705328171751,-121.2184814415769,403
37.17705328171751,-121.2470528701483,404
37.17705328171751,-121.2756242987197,405
37.17705328171751,-121.3041957272911,406
37.17705328171751,-121.3327671558626,407
37.17705328171751,-121.361338584434,408
37.17705328171751,-121.3899100130054,409
37.17705328171751,-121.4184814415769,410
37.17705328171751,-121.4470528701483,411
37.17705328171751,-121.4756242987197,412
37.17705328171751,-122.161338584434,413
37.17705328171751,-122.1899100130054,414
37.17705328171751,-122.2184814415769,415
37.17705328171751,-122.2470528701483,416
37.17705328171751,-122.2756242987197,417
37.17705328171751,-122.3041957272911,418
37.17705328171751,-122.3327671558626,419
37.18929817967669,-121.1899100130054,420
37.18929817967669,-121.2184814415769,421
37.18929817967669,-121.2470528701483,422
37.18929817967669,-121.2756242987197,423
37.18929817967669,-121.3041957272911,424
37.18929817967669,-121.3327671558626,425
37.18929817967669,-121.361338584434,426
37.18929817967669,-121.3899100130054,427
37.18929817967669,-121.4184814415769,428
37.18929817967669,-121.4470528701483,429
37.18929817967669,-121.4756242987197,430
37.18929817967669,-122.1899100130054,431
37.18929817967669,-122.2184814415769,432
37.18929817967669,-122.2470528701483,433
37.18929817967669,-122.2756242987197,434
37.18929817967669,-122.3041957272911,435
37.18929817967669,-122.3327671558626,436
37.20154307763588,-121.2184814415769,437
37.20154307763588,-121.2470528701483,438
37.20154307763588,-121.2756242987197,439
37.20154307763588,-121.3041957272911,440
37.20154307763588,-121.3327671558626,441
37.20154307763588,-121.361338584434,442
37.20154307763588,-121.3899100130054,443
37.20154307763588,-121.4184814415769,444
37.20154307763588,-121.4470528701483,445
37.20154307763588,-121.4756242987197,446
37.20154307763588,-122.1899100130054,447
37.20154307763588,-122.2184814415769,448
37.20154307763588,-122.2470528701483,449
37.20154307763588,-122.2756242987197,450
37.20154307763588,-122.3041957272911,451
37.20154307763588,-122.3327671558626,452
37.21378797559506,-121.2184814415769,453
37.21378797559506,-121.2470528701483,454
37.21378797559506,-121.2756242987197,455
37.21378797559506,-121.3041957272911,456
37.21378797559506,-121.3327671558626,457
37.21378797559506,-121.361338584434,458
37.21378797559506,-121.3899100130054,459
37.21378797559506,-121.4184814415769,460
37.21378797559506,-121.4470528701483,461
37.21378797559506,-121.4756242987197,462
37.21378797559506,-121.5041957272911,463
37.21378797559506,-122.1899100130054,464
37.21378797559506,-122.2184814415769,465
37.21378797559506,-122.2470528701483,466
37.21378797559506,-122.2756242987197,467
37.21378797559506,-122.3041957272911,468
37.21378797559506,-122.3327671558626,469
37.22603287355425,-121.161338584434,470
37.22603287355425,-121.1899100130054,471
37.22603287355425,-121.2184814415769,472
37.22603287355425,-121.2470528701483,473
37.22603287355425,-121.2756242987197,474
37.22603287355425,-121.3041957272911,475
37.22603287355425,-121.3327671558626,476
37.22603287355425,-121.361338584434,477
37.22603287355425,-121.3899100130054,478
37.22603287355425,-121.4184814415769,479
37.22603287355425,-121.4470528701483,480
37.22603287355425,-121.4756242987197,481
37.22603287355425,-121.5041957272911,482
37.22603287355425,-122.2184814415769,483
37.22603287355425,-122.2470528701483,484
37.22603287355425,-122.2756242987197,485
37.22603287355425,-122.3041957272911,486
37.23827777151342,-121.161338584434,487
37.23827777151342,-121.1899100130054,488
37.23827777151342,-121.2184814415769,489
37.23827777151342,-121.2470528701483,490
37.23827777151342,-121.2756242987197,491
37.23827777151342,-121.3041957272911,492
37.23827777151342,-121.3327671558626,493
37.23827777151342,-121.361338584434,494
37.23827777151342,-121.3899100130054,495
37.23827777151342,-121.4184814415769,496
37.23827777151342,-121.4470528701483,497
37.23827777151342,-121.4756242987197,498
37.23827777151342,-121.5041957272911,499
37.23827777151342,-122.2184814415769,500
37.23827777151342,-122.2470528701483,501
37.23827777151342,-122.2756242987197,502
37.23827777151342,-122.3041957272911,503
37.25052266947261,-121.161338584434,504
37.25052266947261,-121.1899100130054,505
37.25052266947261,-121.2184814415769,506
37.25052266947261,-121.2470528701483,507
37.25052266947261,-121.2756242987197,508
37.25052266947261,-121.3041957272911,509
37.25052266947261,-121.3327671558626,510
37.25052266947261,-121.361338584434,511
37.25052266947261,-121.3899100130054,512
37.25052266947261,-121.4184814415769,513
37.25052266947261,-121.4470528701483,514
37.25052266947261,-121.4756242987197,515
37.25052266947261,-121.5041957272911,516
37.25052266947261,-122.2470528701483,517
37.25052266947261,-122.2756242987197,518
37.25052266947261,-122.3041957272911,519
37.26276756743179,-121.1899100130054,520
37.26276756743179,-121.2184814415769,521
37.26276756743179,-121.2470528701483,522
37.26276756743179,-121.2756242987197,523
37.26276756743179,-121.3041957272911,524
37.26276756743179,-121.3327671558626,525
37.26276756743179,-121.361338584434,526
37.26276756743179,-121.3899100130054,527
37.26276756743179,-121.4184814415769,528
37.26276756743179,-121.4470528701483,529
37.26276756743179,-121.4756242987197,530
37.26276756743179,-121.5041957272911,531
37.26276756743179,-121.5327671558626,532
37.26276756743179,-122.2756242987197,533
37.26276756743179,-122.3041957272911,534
37.27501246539098,-121.1899100130054,535
37.27501246539098,-121.2184814415769,536
37.27501246539098,-121.2470528701483,537
37.27501246539098,-121.2756242987197,538
37.27501246539098,-121.3041957272911,539
37.27501246539098,-121.3327671558626,540
37.27501246539098,-121.361338584434,541
37.27501246539098,-121.3899100130054,542
37.27501246539098,-121.4184814415769,543
37.27501246539098,-121.4470528701483,544
37.27501246539098,-121.4756242987197,545
37.27501246539098,-121.5041957272911,546
37.27501246539098,-121.5327671558626,547
37.28725736335016,-121.2184814415769,548
37.28725736335016,-121.2470528701483,549
37.28725736335016,-121.2756242987197,550
37.28725736335016,-121.3041957272911,551
37.28725736335016,-121.3327671558626,552
37.28725736335016,-121.361338584434,553
37.28725736335016,-121.3899100130054,554
37.28725736335016,-121.4184814415769,555
37.28725736335016,-121.4470528701483,556
37.28725736335016,-121.4756242987197,557
37.28725736335016,-121.5041957272911,558
37.28725736335016,-121.5327671558626,559
37.28725736335016,-121.561338584434,560
37.29950226130934,-121.1899100130054,561
37.29950226130934,-121.2184814415769,562
37.29950226130934,-121.2470528701483,563
37.29950226130934,-121.2756242987197,564
37.29950226130934,-121.3041957272911,565
37.29950226130934,-121.3327671558626,566
37.29950226130934,-121.361338584434,567
37.29950226130934,-121.3899100130054,568
37.29950226130934,-121.4184814415769,569
37.29950226130934,-121.4470528701483,570
37.29950226130934,-121.4756242987197,571
37.29950226130934,-121.5041957272911,572
37.29950226130934,-121.5327671558626,573
37.29950226130934,-121.561338584434,574
37.29950226130934,-121.5899100130054,575
37.31174715926853,-121.1899100130054,576
37.31174715926853,-121.2184814415769,577
37.31174715926853,-121.2470528701483,578
37.31174715926853,-121.2756242987197,579
37.31174715926853,-121.3041957272911,580
37.31174715926853,-121.3327671558626,581
37.31174715926853,-121.361338584434,582
37.31174715926853,-121.3899100130054,583
37.31174715926853,-121.4184814415769,584
37.31174715926853,-121.4470528701483,585
37.31174715926853,-121.4756242987197,586
37.31174715926853,-121.5041957272911,587
37.31174715926853,-121.5327671558626,588
37.31174715926853,-121.561338584434,589
37.31174715926853,-121.5899100130054,590
37.32399205722771,-121.1899100130054,591
37.32399205722771,-121.2184814415769,592
37.32399205722771,-121.2470528701483,593
37.32399205722771,-121.2756242987197,594
37.32399205722771,-121.3041957272911,595
37.32399205722771,-121.3327671558626,596
37.32399205722771,-121.361338584434,597
37.32399205722771,-121.3899100130054,598
37.32399205722771,-121.4184814415769,599
37.32399205722771,-121.4470528701483,600
37.32399205722771,-121.4756242987197,601
37.32399205722771,-121.5041957272911,602
37.32399205722771,-121.5327671558626,603
37.32399205722771,-121.561338584434,604
37.32399205722771,-121.5899100130054,605
37.32399205722771,-121.6184814415769,606
37.32399205722771,-121.6470528701483,607
37.32399205722771,-121.1899100130054,608
37.32399205722771,-121.2184814415769,609
37.32399205722771,-121.2470528701483,610
37.32399205722771,-121.2756242987197,611
37.32399205722771,-121.3041957272911,612
37.32399205722771,-121.3327671558626,613
37.32399205722771,-121.361338584434,614
37.32399205722771,-121.3899100130054,615
37.32399205722771,-121.4184814415769,616
37.32399205722771,-121.4470528701483,617
37.32399205722771,-121.4756242987197,618
37.32399205722771,-121.5041957272911,619
37.32399205722771,-121.5327671558626,620
37.32399205722771,-121.561338584434,621
37.32399205722771,-121.5899100130054,622
37.32399205722771,-121.6184814415769,623
37.32399205722771,-121.6470528701483,624
37.3362369551869,-121.1899100130054,625
37.3362369551869,-121.2184814415769,626
37.3362369551869,-121.2470528701483,627
37.3362369551869,-121.2756242987197,628
37.3362369551869,-121.3041957272911,629
37.3362369551869,-121.3327671558626,630
37.3362369551869,-121.361338584434,631
37.3362369551869,-121.3899100130054,632
37.3362369551869,-121.4184814415769,633
37.3362369551869,-121.4470528701483,634
37.3362369551869,-121.5041957272911,635
37.3362369551869,-121.5327671558626,636
37.3362369551869,-121.561338584434,637
37.3362369551869,-121.5899100130054,638
37.3362369551869,-121.6184814415769,639
37.3362369551869,-121.6470528701483,640
37.34848185314608,-121.1899100130054,641
37.34848185314608,-121.2184814415769,642
37.34848185314608,-121.2756242987197,643
37.34848185314608,-121.3041957272911,644
37.34848185314608,-121.3327671558626,645
37.34848185314608,-121.361338584434,646
37.34848185314608,-121.3899100130054,647
37.34848185314608,-121.4184814415769,648
37.34848185314608,-121.4470528701483,649
37.34848185314608,-121.5041957272911,650
37.34848185314608,-121.5327671558626,651
37.34848185314608,-121.561338584434,652
37.34848185314608,-121.5899100130054,653
37.34848185314608,-121.6184814415769,654
37.34848185314608,-121.6470528701483,655
37.34848185314608,-121.6756242987197,656
37.34848185314608,-121.7041957272911,657
37.36072675110526,-121.3041957272911,658
37.36072675110526,-121.3327671558626,659
37.36072675110526,-121.361338584434,660
37.36072675110526,-121.3899100130054,661
37.36072675110526,-121.4184814415769,662
37.36072675110526,-121.4470528701483,663
37.36072675110526,-121.5327671558626,664
37.36072675110526,-121.561338584434,665
37.36072675110526,-121.5899100130054,666
37.36072675110526,-121.6184814415769,667
37.36072675110526,-121.6470528701483,668
37.36072675110526,-121.6756242987197,669
37.36072675110526,-121.7041957272911,670
37.37297164906445,-121.3041957272911,671
37.37297164906445,-121.3327671558626,672
37.37297164906445,-121.361338584434,673
37.37297164906445,-121.3899100130054,674
37.37297164906445,-121.4184814415769,675
37.37297164906445,-121.4470528701483,676
37.37297164906445,-121.561338584434,677
37.37297164906445,-121.5899100130054,678
37.37297164906445,-121.6184814415769,679
37.37297164906445,-121.6470528701483,680
37.37297164906445,-121.6756242987197,681
37.37297164906445,-121.7041957272911,682
37.38521654702363,-121.3041957272911,683
37.38521654702363,-121.3327671558626,684
37.38521654702363,-121.361338584434,685
37.38521654702363,-121.3899100130054,686
37.38521654702363,-121.4184814415769,687
37.38521654702363,-121.4470528701483,688
37.38521654702363,-121.4756242987197,689
37.38521654702363,-121.561338584434,690
37.38521654702363,-121.5899100130054,691
37.38521654702363,-121.6184814415769,692
37.38521654702363,-121.6470528701483,693
37.38521654702363,-121.6756242987197,694
37.38521654702363,-121.7041957272911,695
37.38521654702363,-121.7327671558626,696
37.39746144498282,-121.3041957272911,697
37.39746144498282,-121.3327671558626,698
37.39746144498282,-121.361338584434,699
37.39746144498282,-121.3899100130054,700
37.39746144498282,-121.4184814415769,701
37.39746144498282,-121.4470528701483,702
37.39746144498282,-121.4756242987197,703
37.39746144498282,-121.5041957272911,704
37.39746144498282,-121.561338584434,705
37.39746144498282,-121.5899100130054,706
37.39746144498282,-121.6184814415769,707
37.39746144498282,-121.6470528701483,708
37.39746144498282,-121.6756242987197,709
37.39746144498282,-121.7041957272911,710
37.409706342942,-121.3041957272911,711
37.409706342942,-121.3327671558626,712
37.409706342942,-121.361338584434,713
37.409706342942,-121.3899100130054,714
37.409706342942,-121.4184814415769,715
37.409706342942,-121.4470528701483,716
37.409706342942,-121.4756242987197,717
37.409706342942,-121.5041957272911,718
37.409706342942,-121.561338584434,719
37.409706342942,-121.5899100130054,720
37.409706342942,-121.6184814415769,721
37.409706342942,-121.6470528701483,722
37.409706342942,-121.6756242987197,723
37.409706342942,-121.7041957272911,724
37.409706342942,-121.7327671558626,725
37.42195124090118,-121.2470528701483,726
37.42195124090118,-121.3041957272911,727
37.42195124090118,-121.3327671558626,728
37.42195124090118,-121.361338584434,729
37.42195124090118,-121.3899100130054,730
37.42195124090118,-121.4184814415769,731
37.42195124090118,-121.4470528701483,732
37.42195124090118,-121.4756242987197,733
37.42195124090118,-121.5041957272911,734
37.42195124090118,-121.5327671558626,735
37.42195124090118,-121.561338584434,736
37.42195124090118,-121.5899100130054,737
37.42195124090118,-121.6184814415769,738
37.42195124090118,-121.6470528701483,739
37.42195124090118,-121.6756242987197,740
37.42195124090118,-121.7041957272911,741
37.42195124090118,-121.7327671558626,742
37.43419613886037,-121.2184814415769,743
37.43419613886037,-121.2470528701483,744
37.43419613886037,-121.2756242987197,745
37.43419613886037,-121.3041957272911,746
37.43419613886037,-121.3327671558626,747
37.43419613886037,-121.361338584434,748
37.43419613886037,-121.3899100130054,749
37.43419613886037,-121.4184814415769,750
37.43419613886037,-121.4470528701483,751
37.43419613886037,-121.4756242987197,752
37.43419613886037,-121.5041957272911,753
37.43419613886037,-121.5327671558626,754
37.43419613886037,-121.561338584434,755
37.43419613886037,-121.5899100130054,756
37.43419613886037,-121.6184814415769,757
37.43419613886037,-121.6470528701483,758
37.43419613886037,-121.6756242987197,759
37.43419613886037,-121.7041957272911,760
37.43419613886037,-121.7327671558626,761
37.43419613886037,-121.761338584434,762
37.44644103681955,-121.2184814415769,763
37.44644103681955,-121.2470528701483,764
37.44644103681955,-121.2756242987197,765
37.44644103681955,-121.3041957272911,766
37.44644103681955,-121.3327671558626,767
37.44644103681955,-121.361338584434,768
37.44644103681955,-121.3899100130054,769
37.44644103681955,-121.4184814415769,770
37.44644103681955,-121.4470528701483,771
37.44644103681955,-121.4756242987197,772
37.44644103681955,-121.5041957272911,773
37.44644103681955,-121.561338584434,774
37.44644103681955,-121.6184814415769,775
37.44644103681955,-121.6470528701483,776
37.44644103681955,-121.6756242987197,777
37.44644103681955,-121.7041957272911,778
37.44644103681955,-121.7327671558626,779
37.44644103681955,-121.761338584434,780
37.45868593477874,-121.2184814415769,781
37.45868593477874,-121.2470528701483,782
37.45868593477874,-121.3041957272911,783
37.45868593477874,-121.3327671558626,784
37.45868593477874,-121.361338584434,785
37.45868593477874,-121.3899100130054,786
37.45868593477874,-121.4184814415769,787
37.45868593477874,-121.4470528701483,788
37.45868593477874,-121.4756242987197,789
37.45868593477874,-121.5041957272911,790
37.45868593477874,-121.6184814415769,791
37.45868593477874,-121.6470528701483,792
37.45868593477874,-121.6756242987197,793
37.45868593477874,-121.7041957272911,794
37.45868593477874,-121.7327671558626,795
37.45868593477874,-121.761338584434,796
37.45868593477874,-121.7899100130054,797
37.47093083273792,-121.2184814415769,798
37.47093083273792,-121.3327671558626,799
37.47093083273792,-121.361338584434,800
37.47093083273792,-121.3899100130054,801
37.47093083273792,-121.4184814415769,802
37.47093083273792,-121.4470528701483,803
37.47093083273792,-121.4756242987197,804
37.47093083273792,-121.5041957272911,805
37.47093083273792,-121.6184814415769,806
37.47093083273792,-121.6470528701483,807
37.47093083273792,-121.6756242987197,808
37.47093083273792,-121.7041957272911,809
37.47093083273792,-121.7327671558626,810
37.47093083273792,-121.761338584434,811
37.47093083273792,-121.7899100130054,812
37.4831757306971,-121.3899100130054,813
37.4831757306971,-121.4184814415769,814
37.4831757306971,-121.4470528701483,815
37.4831757306971,-121.4756242987197,816
37.4831757306971,-121.5041957272911,817
37.4831757306971,-121.6184814415769,818
37.4831757306971,-121.6470528701483,819
37.4831757306971,-121.6756242987197,820
37.4831757306971,-121.7041957272911,821
37.4831757306971,-121.7327671558626,822
37.4831757306971,-121.761338584434,823
37.4831757306971,-121.7899100130054,824
37.4831757306971,-121.8184814415768,825
37.49542062865628,-121.4184814415769,826
37.49542062865628,-121.4470528701483,827
37.49542062865628,-121.4756242987197,828
37.49542062865628,-121.5041957272911,829
37.49542062865628,-121.5327671558626,830
37.49542062865628,-121.6470528701483,831
37.49542062865628,-121.6756242987197,832
37.49542062865628,-121.7041957272911,833
37.49542062865628,-121.7327671558626,834
37.49542062865628,-121.8470528701483,835
37.50766552661547,-121.4184814415769,836
37.50766552661547,-121.4470528701483,837
37.50766552661547,-121.4756242987197,838
37.50766552661547,-121.5041957272911,839
37.50766552661547,-121.5327671558626,840
37.50766552661547,-121.6470528701483,841
37.50766552661547,-121.6756242987197,842
37.50766552661547,-121.7041957272911,843
37.50766552661547,-121.7327671558626,844
37.50766552661547,-121.761338584434,845
37.50766552661547,-121.8470528701483,846
37.51991042457465,-121.4184814415769,847
37.51991042457465,-121.4470528701483,848
37.51991042457465,-121.4756242987197,849
37.51991042457465,-121.5041957272911,850
37.51991042457465,-121.5327671558626,851
37.51991042457465,-121.6470528701483,852
37.51991042457465,-121.6756242987197,853
37.51991042457465,-121.7041957272911,854
37.51991042457465,-121.7327671558626,855
37.53215532253384,-121.4184814415769,856
37.53215532253384,-121.4470528701483,857
37.53215532253384,-121.4756242987197,858
37.53215532253384,-121.5041957272911,859
37.53215532253384,-121.5327671558626,860
37.53215532253384,-121.6756242987197,861
37.53215532253384,-121.7041957272911,862
37.54440022049302,-121.4184814415769,863
37.54440022049302,-121.4470528701483,864
37.54440022049302,-121.4756242987197,865
37.54440022049302,-121.5041957272911,866
37.54440022049302,-121.5327671558626,867
37.5566451184522,-121.4184814415769,868
37.5566451184522,-121.4470528701483,869
37.5566451184522,-121.4756242987197,870
37.5566451184522,-121.5041957272911,871
37.5566451184522,-121.5327671558626,872
37.5566451184522,-121.8470528701483,873
37.56889001641139,-121.3899100130054,874
37.56889001641139,-121.4184814415769,875
37.56889001641139,-121.4470528701483,876
37.56889001641139,-121.4756242987197,877
37.56889001641139,-121.5041957272911,878
37.56889001641139,-121.5327671558626,879
37.58113491437057,-121.4756242987197,880
37.58113491437057,-121.5041957272911,881
37.59337981232976,-121.4756242987197,882
37.59337981232976,-121.5041957272911,883
37.81378797559506,-121.761338584434,884
37.83827777151343,-121.7899100130054,885
37.85052266947261,-121.7899100130054,886
37.8627675674318,-121.7899100130054,887
38.30358389396241,-122.0470528701483,888
38.31582879192159,-122.0184814415769,889
38.31582879192159,-122.0470528701483,890
38.31582879192159,-122.0756242987197,891
38.32807368988077,-122.0470528701483,892
38.32807368988077,-122.0756242987197,893
38.34031858783996,-122.0470528701483,894
38.34031858783996,-122.0756242987197,895
38.35256348579914,-122.0184814415769,896
38.35256348579914,-122.0470528701483,897
38.35256348579914,-122.0756242987197,898
38.36480838375833,-122.0470528701483,899
38.36480838375833,-122.0756242987197,900
38.36480838375833,-122.1041957272911,901
38.36480838375833,-122.161338584434,902
38.37705328171751,-122.0470528701483,903
38.37705328171751,-122.0756242987197,904
38.37705328171751,-122.1041957272911,905
38.37705328171751,-122.1327671558626,906
38.37705328171751,-122.161338584434,907
38.38929817967669,-122.0184814415769,908
38.38929817967669,-122.0470528701483,909
38.38929817967669,-122.0756242987197,910
38.38929817967669,-122.1041957272911,911
38.38929817967669,-122.1327671558626,912
38.38929817967669,-122.161338584434,913
38.38929817967669,-122.1899100130054,914
38.40154307763588,-121.9899100130054,915
38.40154307763588,-122.0184814415769,916
38.40154307763588,-122.0470528701483,917
38.40154307763588,-122.0756242987197,918
38.40154307763588,-122.1041957272911,919
38.40154307763588,-122.1327671558626,920
38.40154307763588,-122.161338584434,921
38.40154307763588,-122.1899100130054,922
38.41378797559506,-121.1327671558626,923
38.41378797559506,-121.161338584434,924
38.41378797559506,-122.0184814415769,925
38.41378797559506,-122.0470528701483,926
38.41378797559506,-122.0756242987197,927
38.41378797559506,-122.1041957272911,928
38.41378797559506,-122.1327671558626,929
38.41378797559506,-122.161338584434,930
38.41378797559506,-122.1899100130054,931
38.42603287355425,-122.0184814415769,932
38.42603287355425,-122.0470528701483,933
38.42603287355425,-122.0756242987197,934
38.42603287355425,-122.1041957272911,935
38.42603287355425,-122.1327671558626,936
38.42603287355425,-122.161338584434,937
38.42603287355425,-122.1899100130054,938
38.42603287355425,-122.2184814415769,939
38.42603287355425,-122.2470528701483,940
38.43827777151343,-122.0184814415769,941
38.43827777151343,-122.0470528701483,942
38.43827777151343,-122.0756242987197,943
38.43827777151343,-122.1041957272911,944
38.43827777151343,-122.1327671558626,945
38.43827777151343,-122.161338584434,946
38.43827777151343,-122.1899100130054,947
38.43827777151343,-122.2184814415769,948
38.43827777151343,-122.2470528701483,949
38.43827777151343,-122.5041957272911,950
38.45052266947261,-122.0184814415769,951
38.45052266947261,-122.0470528701483,952
38.45052266947261,-122.0756242987197,953
38.45052266947261,-122.1041957272911,954
38.45052266947261,-122.1327671558626,955
38.45052266947261,-122.161338584434,956
38.45052266947261,-122.1899100130054,957
38.45052266947261,-122.2184814415769,958
38.45052266947261,-122.2470528701483,959
38.45052266947261,-122.2756242987197,960
38.45052266947261,-122.5041957272911,961
38.45052266947261,-122.5327671558626,962
38.4627675674318,-122.0184814415769,963
38.4627675674318,-122.0470528701483,964
38.4627675674318,-122.0756242987197,965
38.4627675674318,-122.1041957272911,966
38.4627675674318,-122.1327671558626,967
38.4627675674318,-122.161338584434,968
38.4627675674318,-122.1899100130054,969
38.4627675674318,-122.2184814415769,970
38.4627675674318,-122.2470528701483,971
38.4627675674318,-122.2756242987197,972
38.4627675674318,-122.4756242987197,973
38.4627675674318,-122.5041957272911,974
38.4627675674318,-122.5327671558626,975
38.47501246539098,-122.0184814415769,976
38.47501246539098,-122.0470528701483,977
38.47501246539098,-122.0756242987197,978
38.47501246539098,-122.1041957272911,979
38.47501246539098,-122.1327671558626,980
38.47501246539098,-122.161338584434,981
38.47501246539098,-122.1899100130054,982
38.47501246539098,-122.2184814415769,983
38.47501246539098,-122.2470528701483,984
38.47501246539098,-122.2756242987197,985
38.47501246539098,-122.3041957272911,986
38.47501246539098,-122.5041957272911,987
38.47501246539098,-122.5327671558626,988
38.48725736335017,-122.0470528701483,989
38.48725736335017,-122.0756242987197,990
38.48725736335017,-122.1041957272911,991
38.48725736335017,-122.1327671558626,992
38.48725736335017,-122.161338584434,993
38.48725736335017,-122.1899100130054,994
38.48725736335017,-122.2184814415769,995
38.48725736335017,-122.2470528701483,996
38.48725736335017,-122.2756242987197,997
38.48725736335017,-122.3041957272911,998
38.48725736335017,-122.5041957272911,999
38.48725736335017,-122.5327671558626,1000
38.49950226130935,-122.0470528701483,1001
38.49950226130935,-122.0756242987197,1002
38.49950226130935,-122.1041957272911,1003
38.49950226130935,-122.1327671558626,1004
38.49950226130935,-122.1899100130054,1005
38.49950226130935,-122.2184814415769,1006
38.49950226130935,-122.2470528701483,1007
38.49950226130935,-122.2756242987197,1008
38.49950226130935,-122.3041957272911,1009
38.49950226130935,-122.3327671558626,1010
38.49950226130935,-122.5041957272911,1011
38.49950226130935,-122.5327671558626,1012
38.51174715926853,-122.0184814415769,1013
38.51174715926853,-122.0470528701483,1014
38.51174715926853,-122.0756242987197,1015
38.51174715926853,-122.1041957272911,1016
38.51174715926853,-122.1327671558626,1017
38.51174715926853,-122.1899100130054,1018
38.51174715926853,-122.2184814415769,1019
38.51174715926853,-122.2470528701483,1020
38.51174715926853,-122.2756242987197,1021
38.51174715926853,-122.3041957272911,1022
38.51174715926853,-122.3327671558626,1023
38.51174715926853,-122.4470528701483,1024
38.51174715926853,-122.5041957272911,1025
38.51174715926853,-122.5327671558626,1026
38.52399205722772,-122.0470528701483,1027
38.52399205722772,-122.0756242987197,1028
38.52399205722772,-122.1041957272911,1029
38.52399205722772,-122.1327671558626,1030
38.52399205722772,-122.2184814415769,1031
38.52399205722772,-122.2470528701483,1032
38.52399205722772,-122.2756242987197,1033
38.52399205722772,-122.3041957272911,1034
38.52399205722772,-122.3327671558626,1035
38.52399205722772,-122.4470528701483,1036
38.52399205722772,-122.4756242987197,1037
38.52399205722772,-122.5041957272911,1038
38.52399205722772,-122.5327671558626,1039
38.52399205722772,-122.0470528701483,1040
38.52399205722772,-122.0756242987197,1041
38.52399205722772,-122.1041957272911,1042
38.52399205722772,-122.1327671558626,1043
38.52399205722772,-122.2184814415769,1044
38.52399205722772,-122.2470528701483,1045
38.52399205722772,-122.2756242987197,1046
38.52399205722772,-122.3041957272911,1047
38.52399205722772,-122.3327671558626,1048
38.52399205722772,-122.4470528701483,1049
38.52399205722772,-122.4756242987197,1050
38.52399205722772,-122.5041957272911,1051
38.52399205722772,-122.5327671558626,1052
38.5362369551869,-122.0470528701483,1053
38.5362369551869,-122.0756242987197,1054
38.5362369551869,-122.1041957272911,1055
38.5362369551869,-122.1327671558626,1056
38.5362369551869,-122.2184814415769,1057
38.5362369551869,-122.2470528701483,1058
38.5362369551869,-122.2756242987197,1059
38.5362369551869,-122.3041957272911,1060
38.5362369551869,-122.3327671558626,1061
38.5362369551869,-122.4756242987197,1062
38.5362369551869,-122.5327671558626,1063
38.54848185314609,-121.161338584434,1064
38.54848185314609,-122.0756242987197,1065
38.54848185314609,-122.1041957272911,1066
38.54848185314609,-122.1327671558626,1067
38.54848185314609,-122.161338584434,1068
38.54848185314609,-122.2470528701483,1069
38.54848185314609,-122.2756242987197,1070
38.54848185314609,-122.3041957272911,1071
38.54848185314609,-122.3327671558626,1072
38.54848185314609,-122.4756242987197,1073
38.54848185314609,-122.5327671558626,1074
38.56072675110526,-121.1327671558626,1075
38.56072675110526,-121.161338584434,1076
38.56072675110526,-122.0756242987197,1077
38.56072675110526,-122.1041957272911,1078
38.56072675110526,-122.1327671558626,1079
38.56072675110526,-122.161338584434,1080
38.56072675110526,-122.2470528701483,1081
38.56072675110526,-122.2756242987197,1082
38.56072675110526,-122.3041957272911,1083
38.56072675110526,-122.3327671558626,1084
38.56072675110526,-122.4756242987197,1085
38.56072675110526,-122.5041957272911,1086
38.57297164906445,-121.1327671558626,1087
38.57297164906445,-121.161338584434,1088
38.57297164906445,-122.0756242987197,1089
38.57297164906445,-122.1041957272911,1090
38.57297164906445,-122.2470528701483,1091
38.57297164906445,-122.2756242987197,1092
38.57297164906445,-122.3041957272911,1093
38.57297164906445,-122.3327671558626,1094
38.57297164906445,-122.4756242987197,1095
38.57297164906445,-122.5041957272911,1096
38.58521654702363,-121.1327671558626,1097
38.58521654702363,-122.0756242987197,1098
38.58521654702363,-122.1041957272911,1099
38.58521654702363,-122.2756242987197,1100
38.58521654702363,-122.3041957272911,1101
38.58521654702363,-122.3327671558626,1102
38.58521654702363,-122.4756242987197,1103
38.58521654702363,-122.5041957272911,1104
38.58521654702363,-122.5327671558626,1105
38.59746144498282,-121.1327671558626,1106
38.59746144498282,-122.0756242987197,1107
38.59746144498282,-122.1041957272911,1108
38.59746144498282,-122.2756242987197,1109
38.59746144498282,-122.3041957272911,1110
38.59746144498282,-122.3327671558626,1111
38.59746144498282,-122.4756242987197,1112
38.59746144498282,-122.5041957272911,1113
38.59746144498282,-122.5327671558626,1114
38.609706342942,-122.0756242987197,1115
38.609706342942,-122.1041957272911,1116
38.609706342942,-122.2756242987197,1117
38.609706342942,-122.3041957272911,1118
38.609706342942,-122.3327671558626,1119
38.609706342942,-122.4756242987197,1120
38.609706342942,-122.5041957272911,1121
38.609706342942,-122.5327671558626,1122
38.62195124090118,-122.0756242987197,1123
38.62195124090118,-122.1041957272911,1124
38.62195124090118,-122.3041957272911,1125
38.62195124090118,-122.3327671558626,1126
38.62195124090118,-122.361338584434,1127
38.62195124090118,-122.4756242987197,1128
38.62195124090118,-122.5041957272911,1129
38.62195124090118,-122.5327671558626,1130
38.63419613886037,-122.0756242987197,1131
38.63419613886037,-122.1041957272911,1132
38.63419613886037,-122.3041957272911,1133
38.63419613886037,-122.3327671558626,1134
38.63419613886037,-122.361338584434,1135
38.63419613886037,-122.5041957272911,1136
38.63419613886037,-122.5327671558626,1137
38.64644103681955,-122.0756242987197,1138
38.64644103681955,-122.1041957272911,1139
38.64644103681955,-122.1899100130054,1140
38.64644103681955,-122.3327671558626,1141
38.64644103681955,-122.361338584434,1142
38.64644103681955,-122.5041957272911,1143
38.64644103681955,-122.5327671558626,1144
38.65868593477874,-122.0756242987197,1145
38.65868593477874,-122.1041957272911,1146
38.65868593477874,-122.1327671558626,1147
38.65868593477874,-122.2184814415769,1148
38.65868593477874,-122.2470528701483,1149
38.65868593477874,-122.3041957272911,1150
38.65868593477874,-122.3327671558626,1151
38.65868593477874,-122.361338584434,1152
38.65868593477874,-122.3899100130054,1153
38.65868593477874,-122.4184814415769,1154
38.65868593477874,-122.5041957272911,1155
38.65868593477874,-122.5327671558626,1156
38.67093083273792,-122.1041957272911,1157
38.67093083273792,-122.1327671558626,1158
38.67093083273792,-122.2184814415769,1159
38.67093083273792,-122.2470528701483,1160
38.67093083273792,-122.3041957272911,1161
38.67093083273792,-122.3327671558626,1162
38.67093083273792,-122.361338584434,1163
38.67093083273792,-122.3899100130054,1164
38.67093083273792,-122.4184814415769,1165
38.67093083273792,-122.4470528701483,1166
38.67093083273792,-122.4756242987197,1167
38.67093083273792,-122.5041957272911,1168
38.67093083273792,-122.5327671558626,1169
38.6831757306971,-122.1041957272911,1170
38.6831757306971,-122.1327671558626,1171
38.6831757306971,-122.161338584434,1172
38.6831757306971,-122.2184814415769,1173
38.6831757306971,-122.2470528701483,1174
38.6831757306971,-122.3041957272911,1175
38.6831757306971,-122.3327671558626,1176
38.6831757306971,-122.361338584434,1177
38.6831757306971,-122.3899100130054,1178
38.6831757306971,-122.4184814415769,1179
38.6831757306971,-122.4756242987197,1180
38.6831757306971,-122.5041957272911,1181
38.6831757306971,-122.5327671558626,1182
38.69542062865629,-122.1327671558626,1183
38.69542062865629,-122.161338584434,1184
38.69542062865629,-122.1899100130054,1185
38.69542062865629,-122.2184814415769,1186
38.69542062865629,-122.2470528701483,1187
38.69542062865629,-122.2756242987197,1188
38.69542062865629,-122.3041957272911,1189
38.69542062865629,-122.3327671558626,1190
38.69542062865629,-122.3899100130054,1191
38.69542062865629,-122.4184814415769,1192
38.69542062865629,-122.4756242987197,1193
38.69542062865629,-122.5041957272911,1194
38.69542062865629,-122.5327671558626,1195
38.70766552661547,-122.161338584434,1196
38.70766552661547,-122.1899100130054,1197
38.70766552661547,-122.2184814415769,1198
38.70766552661547,-122.2470528701483,1199
38.70766552661547,-122.2756242987197,1200
38.70766552661547,-122.3041957272911,1201
38.70766552661547,-122.3899100130054,1202
38.70766552661547,-122.4184814415769,1203
38.71991042457466,-122.1899100130054,1204
38.71991042457466,-122.2184814415769,1205
38.71991042457466,-122.2470528701483,1206
38.71991042457466,-122.2756242987197,1207
38.71991042457466,-122.4184814415769,1208
38.73215532253384,-122.1899100130054,1209
38.73215532253384,-122.2184814415769,1210
38.73215532253384,-122.2470528701483,1211
38.73215532253384,-122.2756242987197,1212
38.73215532253384,-122.3041957272911,1213
38.73215532253384,-122.361338584434,1214
38.73215532253384,-122.3899100130054,1215
38.73215532253384,-122.4184814415769,1216
38.73215532253384,-122.5041957272911,1217
38.74440022049302,-121.4184814415769,1218
38.74440022049302,-122.1899100130054,1219
38.74440022049302,-122.2184814415769,1220
38.74440022049302,-122.2470528701483,1221
38.74440022049302,-122.2756242987197,1222
38.74440022049302,-122.3041957272911,1223
38.74440022049302,-122.3899100130054,1224
38.75664511845221,-122.1899100130054,1225
38.75664511845221,-122.2184814415769,1226
38.75664511845221,-122.2470528701483,1227
38.75664511845221,-122.2756242987197,1228
38.75664511845221,-122.3041957272911,1229
38.75664511845221,-122.361338584434,1230
38.75664511845221,-122.3899100130054,1231
38.75664511845221,-122.4756242987197,1232
38.76889001641139,-122.2184814415769,1233
38.76889001641139,-122.2470528701483,1234
38.76889001641139,-122.2756242987197,1235
38.76889001641139,-122.3041957272911,1236
38.76889001641139,-122.361338584434,1237
38.76889001641139,-122.3899100130054,1238
38.78113491437058,-122.2184814415769,1239
38.78113491437058,-122.2470528701483,1240
38.78113491437058,-122.2756242987197,1241
38.78113491437058,-122.3041957272911,1242
38.78113491437058,-122.3327671558626,1243
38.78113491437058,-122.3899100130054,1244
38.79337981232976,-122.2184814415769,1245
38.79337981232976,-122.2470528701483,1246
38.79337981232976,-122.2756242987197,1247
38.79337981232976,-122.3041957272911,1248
38.79337981232976,-122.3327671558626,1249
38.79337981232976,-122.3899100130054,1250
38.79337981232976,-122.4184814415769,1251
38.80562471028894,-122.2184814415769,1252
38.80562471028894,-122.2470528701483,1253
38.80562471028894,-122.2756242987197,1254
38.80562471028894,-122.3041957272911,1255
38.80562471028894,-122.3899100130054,1256
38.80562471028894,-122.4184814415769,1257
38.81786960824812,-122.2184814415769,1258
38.81786960824812,-122.2470528701483,1259
38.81786960824812,-122.2756242987197,1260
38.81786960824812,-122.3041957272911,1261
38.81786960824812,-122.3327671558626,1262
38.81786960824812,-122.3899100130054,1263
38.81786960824812,-122.4184814415769,1264
38.81786960824812,-122.4470528701483,1265
38.81786960824812,-122.4756242987197,1266
38.83011450620731,-122.2184814415769,1267
38.83011450620731,-122.2470528701483,1268
38.83011450620731,-122.2756242987197,1269
38.83011450620731,-122.3041957272911,1270
38.83011450620731,-122.3327671558626,1271
38.83011450620731,-122.4184814415769,1272
38.83011450620731,-122.4470528701483,1273
38.83011450620731,-122.4756242987197,1274
38.84235940416649,-122.2184814415769,1275
38.84235940416649,-122.2470528701483,1276
38.84235940416649,-122.2756242987197,1277
38.84235940416649,-122.3041957272911,1278
38.84235940416649,-122.3327671558626,1279
38.84235940416649,-122.4184814415769,1280
38.84235940416649,-122.4470528701483,1281
38.84235940416649,-122.4756242987197,1282
38.84235940416649,-122.5041957272911,1283
38.85460430212567,-122.2470528701483,1284
38.85460430212567,-122.2756242987197,1285
38.85460430212567,-122.3041957272911,1286
38.85460430212567,-122.3327671558626,1287
38.85460430212567,-122.361338584434,1288
38.85460430212567,-122.4470528701483,1289
38.85460430212567,-122.4756242987197,1290
38.85460430212567,-122.5041957272911,1291
38.86684920008486,-122.2470528701483,1292
38.86684920008486,-122.2756242987197,1293
38.86684920008486,-122.3041957272911,1294
38.86684920008486,-122.3327671558626,1295
38.86684920008486,-122.361338584434,1296
38.86684920008486,-122.4756242987197,1297
38.87909409804404,-122.2470528701483,1298
38.87909409804404,-122.2756242987197,1299
38.87909409804404,-122.361338584434,1300
38.89133899600323,-122.2756242987197,1301
38.89133899600323,-122.3041957272911,1302
38.90358389396241,-122.2756242987197,1303
38.90358389396241,-122.3041957272911,1304
38.90358389396241,-122.3327671558626,1305
38.91582879192159,-122.2756242987197,1306
38.91582879192159,-122.3041957272911,1307
38.91582879192159,-122.3327671558626,1308
38.92807368988078,-122.3327671558626,1309
38.94031858783996,-122.3327671558626,1310
39.30766552661547,-122.4756242987197,1311
39.38113491437058,-121.3327671558626,1312
39.49133899600323,-122.4184814415769,1313
39.68725736335017,-121.1899100130054,1314
39.96889001641139,-121.5899100130054,1315
39.99337981232976,-121.5899100130054,1316
40.48317573069711,-122.161338584434,1317
40.54440022049302,-122.5327671558626,1318
38.43827777151343,-122.561338584434,1319
38.45052266947261,-122.5327671558626,1320
38.45052266947261,-122.561338584434,1321
38.45052266947261,-122.5899100130054,1322
38.4627675674318,-122.5327671558626,1323
38.4627675674318,-122.561338584434,1324
38.4627675674318,-122.5899100130054,1325
38.4627675674318,-122.6184814415769,1326
38.47501246539098,-122.5327671558626,1327
38.47501246539098,-122.561338584434,1328
38.47501246539098,-122.5899100130054,1329
38.47501246539098,-122.6184814415769,1330
38.48725736335017,-122.5327671558626,1331
38.48725736335017,-122.561338584434,1332
38.48725736335017,-122.5899100130054,1333
38.48725736335017,-122.6184814415769,1334
38.48725736335017,-122.6470528701483,1335
38.49950226130935,-122.5327671558626,1336
38.49950226130935,-122.561338584434,1337
38.49950226130935,-122.5899100130054,1338
38.49950226130935,-122.6184814415769,1339
38.49950226130935,-123.1899100130054,1340
38.51174715926853,-122.5327671558626,1341
38.51174715926853,-122.561338584434,1342
38.51174715926853,-122.5899100130054,1343
38.51174715926853,-122.6184814415769,1344
38.51174715926853,-123.2184814415769,1345
38.52399205722772,-122.5327671558626,1346
38.52399205722772,-122.561338584434,1347
38.52399205722772,-122.5899100130054,1348
38.52399205722772,-122.6184814415769,1349
38.52399205722772,-122.6470528701483,1350
38.52399205722772,-123.2184814415769,1351
38.52399205722772,-122.5327671558626,1352
38.52399205722772,-122.561338584434,1353
38.52399205722772,-122.5899100130054,1354
38.52399205722772,-122.6184814415769,1355
38.52399205722772,-122.6470528701483,1356
38.52399205722772,-123.2184814415769,1357
38.5362369551869,-122.5327671558626,1358
38.5362369551869,-122.561338584434,1359
38.5362369551869,-122.5899100130054,1360
38.5362369551869,-122.6184814415769,1361
38.5362369551869,-122.961338584434,1362
38.54848185314609,-122.5327671558626,1363
38.54848185314609,-122.561338584434,1364
38.54848185314609,-122.5899100130054,1365
38.54848185314609,-122.9327671558626,1366
38.54848185314609,-122.961338584434,1367
38.54848185314609,-122.9899100130054,1368
38.54848185314609,-123.0184814415769,1369
38.56072675110526,-122.9041957272911,1370
38.56072675110526,-122.9327671558626,1371
38.56072675110526,-122.961338584434,1372
38.56072675110526,-122.9899100130054,1373
38.56072675110526,-123.0184814415769,1374
38.57297164906445,-122.9041957272911,1375
38.57297164906445,-122.9327671558626,1376
38.57297164906445,-122.961338584434,1377
38.57297164906445,-122.9899100130054,1378
38.57297164906445,-123.0184814415769,1379
38.57297164906445,-123.0470528701483,1380
38.58521654702363,-122.5327671558626,1381
38.58521654702363,-122.9327671558626,1382
38.58521654702363,-122.961338584434,1383
38.58521654702363,-122.9899100130054,1384
38.58521654702363,-123.0184814415769,1385
38.58521654702363,-123.0470528701483,1386
38.59746144498282,-122.5327671558626,1387
38.59746144498282,-122.561338584434,1388
38.59746144498282,-122.961338584434,1389
38.59746144498282,-122.9899100130054,1390
38.59746144498282,-123.0184814415769,1391
38.59746144498282,-123.0470528701483,1392
38.59746144498282,-123.0756242987197,1393
38.609706342942,-122.5327671558626,1394
38.609706342942,-122.561338584434,1395
38.609706342942,-122.9327671558626,1396
38.609706342942,-122.961338584434,1397
38.609706342942,-122.9899100130054,1398
38.609706342942,-123.0184814415769,1399
38.609706342942,-123.0470528701483,1400
38.609706342942,-123.0756242987197,1401
38.62195124090118,-122.5327671558626,1402
38.62195124090118,-122.561338584434,1403
38.62195124090118,-122.961338584434,1404
38.62195124090118,-122.9899100130054,1405
38.62195124090118,-123.0184814415769,1406
38.62195124090118,-123.0470528701483,1407
38.62195124090118,-123.0756242987197,1408
38.63419613886037,-122.5327671558626,1409
38.63419613886037,-122.561338584434,1410
38.63419613886037,-122.5899100130054,1411
38.63419613886037,-122.961338584434,1412
38.63419613886037,-122.9899100130054,1413
38.63419613886037,-123.0184814415769,1414
38.63419613886037,-123.0470528701483,1415
38.63419613886037,-123.0756242987197,1416
38.63419613886037,-123.1041957272911,1417
38.64644103681955,-122.5327671558626,1418
38.64644103681955,-122.561338584434,1419
38.64644103681955,-122.9899100130054,1420
38.64644103681955,-123.0184814415769,1421
38.64644103681955,-123.0470528701483,1422
38.64644103681955,-123.0756242987197,1423
38.64644103681955,-123.1041957272911,1424
38.65868593477874,-122.5327671558626,1425
38.65868593477874,-122.561338584434,1426
38.65868593477874,-122.961338584434,1427
38.65868593477874,-122.9899100130054,1428
38.65868593477874,-123.0184814415769,1429
38.65868593477874,-123.0470528701483,1430
38.65868593477874,-123.0756242987197,1431
38.65868593477874,-123.1041957272911,1432
38.67093083273792,-122.5327671558626,1433
38.67093083273792,-122.561338584434,1434
38.67093083273792,-122.9899100130054,1435
38.67093083273792,-123.0184814415769,1436
38.67093083273792,-123.0470528701483,1437
38.67093083273792,-123.0756242987197,1438
38.6831757306971,-122.5327671558626,1439
38.6831757306971,-122.561338584434,1440
38.6831757306971,-123.0184814415769,1441
38.6831757306971,-123.0470528701483,1442
38.6831757306971,-123.0756242987197,1443
38.69542062865629,-122.5327671558626,1444
38.69542062865629,-122.561338584434,1445
38.69542062865629,-123.0470528701483,1446
38.69542062865629,-123.0756242987197,1447
38.70766552661547,-122.561338584434,1448
38.70766552661547,-123.0756242987197,1449
39.49133899600323,-123.3899100130054,1450
39.80970634294201,-123.1899100130054,1451
40.31174715926853,-122.6470528701483,1452
40.31174715926853,-122.6756242987197,1453
40.32399205722772,-122.6756242987197,1454
40.32399205722772,-122.6756242987197,1455
40.33623695518691,-122.6470528701483,1456
40.34848185314609,-122.6184814415769,1457
40.34848185314609,-122.6470528701483,1458
40.36072675110527,-122.6184814415769,1459
40.36072675110527,-122.6470528701483,1460
40.36072675110527,-122.6756242987197,1461
40.37297164906445,-122.5899100130054,1462
40.37297164906445,-122.6184814415769,1463
40.37297164906445,-122.6470528701483,1464
40.37297164906445,-122.6756242987197,1465
40.38521654702364,-122.5899100130054,1466
40.38521654702364,-122.6184814415769,1467
40.38521654702364,-122.6470528701483,1468
40.38521654702364,-122.6756242987197,1469
40.39746144498282,-122.5899100130054,1470
40.39746144498282,-122.6184814415769,1471
40.39746144498282,-122.6470528701483,1472
40.39746144498282,-122.6756242987197,1473
40.40970634294201,-122.5899100130054,1474
40.40970634294201,-122.6184814415769,1475
40.40970634294201,-122.6470528701483,1476
40.42195124090119,-122.5899100130054,1477
40.42195124090119,-122.6184814415769,1478
40.42195124090119,-122.6470528701483,1479
40.43419613886037,-122.561338584434,1480
40.43419613886037,-122.5899100130054,1481
40.43419613886037,-122.6184814415769,1482
40.43419613886037,-122.6470528701483,1483
40.44644103681956,-122.561338584434,1484
40.44644103681956,-122.5899100130054,1485
40.44644103681956,-122.6184814415769,1486
40.44644103681956,-122.6470528701483,1487
40.45868593477874,-122.5899100130054,1488
40.45868593477874,-122.6184814415769,1489
40.45868593477874,-122.6470528701483,1490
40.47093083273793,-122.561338584434,1491
40.47093083273793,-122.5899100130054,1492
40.47093083273793,-122.6184814415769,1493
40.47093083273793,-122.6470528701483,1494
40.48317573069711,-122.561338584434,1495
40.48317573069711,-122.5899100130054,1496
40.48317573069711,-122.6184814415769,1497
40.48317573069711,-122.6470528701483,1498
40.48317573069711,-122.6756242987197,1499
40.48317573069711,-122.7041957272912,1500
40.49542062865629,-122.561338584434,1501
40.49542062865629,-122.5899100130054,1502
40.49542062865629,-122.6184814415769,1503
40.49542062865629,-122.6470528701483,1504
40.49542062865629,-122.6756242987197,1505
40.50766552661548,-122.561338584434,1506
40.50766552661548,-122.5899100130054,1507
40.50766552661548,-122.6184814415769,1508
40.50766552661548,-122.6470528701483,1509
40.50766552661548,-122.6756242987197,1510
40.51991042457466,-122.561338584434,1511
40.51991042457466,-122.5899100130054,1512
40.51991042457466,-122.6184814415769,1513
40.51991042457466,-122.6470528701483,1514
40.51991042457466,-122.6756242987197,1515
40.53215532253385,-122.561338584434,1516
40.53215532253385,-122.5899100130054,1517
40.54440022049302,-122.5327671558626,1518
40.54440022049302,-122.561338584434,1519
41.79337981232977,-122.6470528701483,1520
