,year,wind,lat,lon
0,2010,5.221917808219178,36.336222,-120.112906
1,2010,3.65983379501385,35.532695,-119.281862
2,2010,5.689041095890411,38.535794,-121.776385
3,2010,3.76,36.851248,-120.59098
4,2010,5.885479452054796,40.044065,-122.165408
5,2010,3.532876712328767,39.608639,-121.824431
6,2010,5.237808219178082,38.752307,-120.73387
7,2010,5.163231197771587,36.158138,-119.851408
8,2010,5.78054794520548,36.768256,-121.773772
9,2010,4.351780821917808,35.86775,-119.8949
10,2010,5.247945205479452,38.8706,-121.546075
11,2010,4.603287671232877,39.226861,-122.0248
12,2010,3.766197183098592,37.358606,-118.405471
13,2010,3.43945205479452,36.597481,-119.50412
14,2010,4.687179487179487,33.043151,-115.415835
15,2010,4.73013698630137,41.063767,-121.456019
16,2010,4.056164383561644,33.96494166666667,-117.336983333333
17,2010,5.326575342465754,37.928154,-121.65973
18,2010,3.608100558659218,35.305442,-120.661783
19,2010,5.152328767123287,35.649861,-119.9593
20,2010,6.273927392739274,37.09745,-120.754227
21,2010,5.198630136986301,40.289799,-120.433948
22,2010,3.908539944903582,33.48665,-117.228269
23,2010,3.932054794520548,34.583144,-120.079239
24,2010,5.450704225352113,32.759575,-115.732067
25,2010,4.692602739726027,37.834822,-121.223194
26,2010,5.072876712328768,37.645222,-121.187764
27,2010,3.681318681318681,33.688449999999996,-117.721177777778
28,2010,3.52,38.428475,-122.410206
29,2010,2.54,34.05658888888889,-117.813069444444
30,2010,4.444931506849315,36.820833,-119.742308
31,2010,3.70027397260274,38.40355,-122.799931
32,2010,3.4139726027397264,39.252561,-121.315669
33,2010,3.668767123287672,39.006747,-123.080122
34,2010,2.860547945205479,36.360647,-119.059344
35,2010,5.487945205479452,32.806183,-115.446258
36,2010,5.140000000000001,34.942525,-119.6738
37,2010,6.71542699724518,36.609444,-121.5293
38,2010,5.419505494505494,41.438214,-120.480308
39,2010,5.453424657534247,41.958869,-121.472372
40,2010,4.933000000000001,37.231861,-120.880819
41,2010,4.459490084985836,34.471579,-119.869484
42,2010,3.36099706744868,34.044311,-118.476886
43,2010,3.0876373626373628,38.526822,-122.813886
44,2010,2.7293150684931504,36.997831,-121.996863
45,2010,5.342739726027397,36.634028,-120.381811
46,2010,3.9663013698630136,38.982737,-123.088704
47,2010,2.865479452054794,34.437352,-119.737329
48,2010,3.712328767123287,38.219503,-122.354964
49,2010,5.310958904109589,36.121275,-121.084455
50,2010,5.088219178082192,36.347415,-121.291248
51,2010,6.628493150684932,36.716806,-121.691889
52,2010,6.063407821229051,34.475914,-117.263514
53,2010,2.3565934065934067,33.841387,-116.478729
54,2010,7.0457534246575335,38.415564,-121.786911
55,2010,4.844931506849315,36.890096,-120.731665
56,2010,3.30082191780822,35.20581,-118.778437
57,2010,3.306963788300836,36.854875,-121.362693
58,2010,5.715616438356164,33.327703,-115.944842
59,2010,5.913972602739726,33.22018611111111,-115.580116666667
60,2010,4.076504297994269,36.902778,-121.741931
61,2010,3.2690410958904104,38.649964,-121.218872
62,2010,2.904383561643835,34.196530555555555,-118.230202777778
63,2010,5.83945205479452,34.884267,-116.979861
64,2010,5.438461538461538,33.6628694444444,-114.558108333333
65,2010,4.6570247933884295,33.5236944444444,-116.15575
66,2010,3.5158904109589035,33.55801666666667,-117.031661111111
67,2010,3.5608219178082186,35.603513,-119.212587
68,2010,3.466027397260273,38.501258,-121.978528
69,2010,7.177534246575343,38.121739,-121.674455
70,2010,3.729395604395605,36.721083,-119.389028
71,2010,4.424035608308605,36.822926,-121.467934
72,2010,3.519999999999999,38.266428,-122.616464
73,2010,4.166,37.016528,-120.186394
74,2010,3.5947826086956525,35.505833,-119.691144
75,2010,3.799178082191781,32.628208,-116.939281
76,2010,4.034986225895317,37.314139,-120.3867
77,2010,2.00027397260274,37.780653,-122.18015
78,2010,3.5664835164835167,32.885847,-117.143142
79,2010,5.0049315068493145,33.532222,-114.633889
80,2010,3.347123287671233,34.219386,-118.992439
81,2010,4.32,33.081050000000005,-116.975697222222
82,2010,3.5763636363636366,38.599158,-121.540406
83,2010,4.273698630136987,34.233639,-119.196922
84,2010,4.125333333333333,37.995478,-122.467656
85,2010,2.425071225071225,38.419439,-122.658719
86,2010,3.230410958904109,34.146372,-117.985797
87,2010,4.628969359331477,35.335267,-120.735652
88,2010,5.761643835616439,37.438944,-121.138511
89,2010,2.9990625,35.472556,-120.648142
90,2010,3.898300283286119,34.841878,-120.212736
91,2010,4.320821917808219,38.129641,-121.386323
92,2010,5.903835616438355,37.725881,-121.475517
93,2010,3.033150684931507,36.082272,-119.093178
94,2010,3.717857142857144,38.015372,-122.020278
95,2010,3.218630136986302,37.598758,-122.053233
96,2010,4.101643835616438,32.901867,-117.250458
97,2010,2.9232876712328766,33.79869722222222,-118.094791666667
98,2010,3.3710743801652896,33.38307,-114.719385
99,2010,4.076666666666667,37.837614,-122.140739
100,2010,4.743781094527363,33.663325,-117.093383333333
101,2010,5.395625,33.080733,-115.6857
102,2010,3.0835777126099706,35.833059,-119.255846
103,2010,7.655342465753425,36.488468,-117.919428
104,2010,3.493972602739725,32.72948,-117.139488
105,2010,3.7063444108761328,32.49265833333333,-114.826163888889
106,2010,4.92934131736527,38.090933,-122.526703
107,2010,7.365109890109889,36.358628,-117.943869
108,2010,5.062650602409639,36.382028,-120.22985
109,2010,3.9542465753424656,37.663969,-121.885033
110,2010,4.692877492877493,34.25598,-117.218463
111,2010,5.277260273972604,37.720739,-120.852101
112,2010,3.277534246575343,38.887603,-121.102908
113,2010,3.687777777777778,38.691786,-122.013808
114,2010,6.849725274725275,34.614981,-118.032492
115,2010,3.96986301369863,34.324639,-119.104875
116,2010,3.987397260273972,34.237645,-116.865853
117,2010,4.848441926345609,33.7485861111111,-116.252902777778
118,2010,6.249863013698629,32.67435277777778,-115.044380555556
119,2010,3.932328767123287,35.028281,-120.560033
120,2010,4.17945205479452,35.862569,-119.5037
121,2010,5.307967032967033,34.426361111111106,-118.517583333333
122,2010,5.594202898550725,36.175833,-120.36027
123,2010,4.898082191780823,37.54586944444444,-120.754530555556
124,2010,3.80997150997151,33.26844722222222,-116.36505
125,2010,3.6841095890410966,33.678151,-116.272921
126,2010,5.014876033057852,36.913166,-121.823497
127,2010,3.275616438356164,36.540942,-121.882096
128,2010,4.897229916897508,37.015026,-121.537043
129,2010,6.788764044943821,38.277972,-121.740989
130,2010,5.945833333333333,33.595736,-116.158761
131,2010,3.892631578947369,38.63611111111111,-120.793055555556
133,2010,5.767251461988303,34.672222,-120.513056
134,2011,5.353698630136987,36.336222,-120.112906
135,2011,3.4227397260273977,35.532695,-119.281862
136,2011,5.554246575342466,38.535794,-121.776385
137,2011,3.5569863013698635,36.851248,-120.59098
138,2011,5.601643835616438,40.044065,-122.165408
139,2011,3.60974212034384,39.608639,-121.824431
140,2011,5.1438356164383565,38.752307,-120.73387
141,2011,4.648219178082192,36.158138,-119.851408
142,2011,5.68,36.768256,-121.773772
143,2011,4.135890410958904,35.86775,-119.8949
144,2011,4.992541436464089,38.8706,-121.546075
145,2011,4.395867768595042,39.226861,-122.0248
146,2011,3.790684931506849,37.358606,-118.405471
147,2011,3.690410958904109,36.597481,-119.50412
148,2011,4.664109589041096,33.043151,-115.415835
149,2011,4.814520547945206,41.063767,-121.456019
150,2011,3.944109589041096,33.96494166666667,-117.336983333333
151,2011,5.533150684931506,37.928154,-121.65973
152,2011,3.784573002754821,35.305442,-120.661783
153,2011,5.211506849315069,35.649861,-119.9593
154,2011,5.774794520547946,37.09745,-120.754227
155,2011,5.080821917808219,40.289799,-120.433948
156,2011,3.8730555555555553,33.48665,-117.228269
157,2011,4.032328767123287,34.583144,-120.079239
158,2011,5.40262390670554,32.759575,-115.732067
159,2011,4.629041095890411,37.834822,-121.223194
160,2011,4.851232876712328,37.645222,-121.187764
161,2011,3.8980501392757656,33.688449999999996,-117.721177777778
162,2011,3.533241758241758,38.428475,-122.410206
163,2011,2.311780821917808,34.05658888888889,-117.813069444444
164,2011,4.283835616438357,36.820833,-119.742308
165,2011,3.818904109589041,38.40355,-122.799931
166,2011,4.249041095890411,39.252561,-121.315669
167,2011,3.479178082191781,39.006747,-123.080122
168,2011,2.8893150684931506,36.360647,-119.059344
169,2011,4.955342465753424,32.806183,-115.446258
170,2011,5.043835616438356,34.942525,-119.6738
171,2011,6.6309589041095895,36.609444,-121.5293
172,2011,4.813424657534247,41.438214,-120.480308
173,2011,4.86,41.958869,-121.472372
174,2011,4.675342465753425,37.231861,-120.880819
175,2011,4.2473972602739725,34.471579,-119.869484
176,2011,3.5457534246575344,34.044311,-118.476886
177,2011,2.993972602739726,38.526822,-122.813886
178,2011,2.765479452054795,36.997831,-121.996863
179,2011,5.286849315068494,36.634028,-120.381811
180,2011,3.6689349112426033,38.982737,-123.088704
181,2011,2.70986301369863,34.437352,-119.737329
182,2011,3.6369627507163327,38.219503,-122.354964
183,2011,5.02,36.121275,-121.084455
184,2011,5.185511363636365,36.347415,-121.291248
185,2011,6.414794520547946,36.716806,-121.691889
186,2011,6.007945205479452,34.475914,-117.263514
187,2011,2.4673972602739727,33.841387,-116.478729
188,2011,7.107123287671234,38.415564,-121.786911
189,2011,4.715890410958904,36.890096,-120.731665
190,2011,3.3212885154061618,35.20581,-118.778437
191,2011,3.270670391061452,36.854875,-121.362693
192,2011,5.463305322128852,33.327703,-115.944842
193,2011,4.890684931506849,33.22018611111111,-115.580116666667
194,2011,4.576712328767123,36.902778,-121.741931
195,2011,3.2893150684931505,38.649964,-121.218872
196,2011,2.884931506849315,34.196530555555555,-118.230202777778
197,2011,6.261369863013698,34.884267,-116.979861
198,2011,5.266301369863013,33.6628694444444,-114.558108333333
199,2011,4.7,33.5236944444444,-116.15575
200,2011,3.56027397260274,35.603513,-119.212587
201,2011,3.3734246575342466,38.501258,-121.978528
202,2011,7.031780821917809,38.121739,-121.674455
203,2011,3.735342465753425,36.721083,-119.389028
204,2011,4.190985915492957,36.822926,-121.467934
205,2011,3.4994520547945203,38.266428,-122.616464
206,2011,4.2594520547945205,37.016528,-120.186394
207,2011,3.483835616438356,35.505833,-119.691144
208,2011,3.7852054794520544,32.628208,-116.939281
209,2011,3.85041095890411,37.314139,-120.3867
210,2011,2.004383561643836,37.780653,-122.18015
211,2011,3.1180821917808217,32.885847,-117.143142
212,2011,4.554794520547945,33.532222,-114.633889
213,2011,3.706575342465753,34.219386,-118.992439
214,2011,3.96027397260274,33.081050000000005,-116.975697222222
215,2011,2.4573529411764707,38.599158,-121.540406
216,2011,4.128767123287672,34.233639,-119.196922
217,2011,3.744109589041096,37.995478,-122.467656
218,2011,2.358356164383561,38.419439,-122.658719
219,2011,3.3164383561643835,34.146372,-117.985797
220,2011,4.3613698630136986,35.335267,-120.735652
221,2011,5.609589041095891,37.438944,-121.138511
222,2011,2.867630057803468,35.472556,-120.648142
223,2011,4.111506849315068,34.841878,-120.212736
224,2011,3.8701369863013695,38.129641,-121.386323
225,2011,5.753501400560224,37.725881,-121.475517
226,2011,3.2454794520547945,36.082272,-119.093178
227,2011,3.5712328767123287,38.015372,-122.020278
228,2011,3.049041095890411,37.598758,-122.053233
229,2011,3.879452054794521,32.901867,-117.250458
230,2011,2.681920903954802,33.79869722222222,-118.094791666667
231,2011,5.106301369863013,33.38307,-114.719385
232,2011,3.936986301369863,37.837614,-122.140739
233,2011,4.981643835616439,33.663325,-117.093383333333
234,2011,5.515890410958904,33.080733,-115.6857
235,2011,2.967796610169492,35.833059,-119.255846
236,2011,7.824109589041097,36.488468,-117.919428
237,2011,3.575890410958904,32.72948,-117.139488
238,2011,4.270940170940171,32.49265833333333,-114.826163888889
239,2011,4.836986301369863,38.090933,-122.526703
240,2011,7.358904109589041,36.358628,-117.943869
241,2011,3.7745205479452055,36.382028,-120.22985
242,2011,3.4961538461538457,37.663969,-121.885033
243,2011,4.9112328767123286,34.25598,-117.218463
244,2011,5.088529411764706,37.720739,-120.852101
245,2011,3.165479452054795,38.887603,-121.102908
246,2011,3.5308988764044944,38.691786,-122.013808
247,2011,7.04958904109589,34.614981,-118.032492
248,2011,3.972328767123288,34.324639,-119.104875
249,2011,4.067671232876712,34.237645,-116.865853
250,2011,5.267123287671233,33.7485861111111,-116.252902777778
251,2011,5.372054794520548,32.67435277777778,-115.044380555556
252,2011,3.805753424657535,35.028281,-120.560033
253,2011,3.873972602739726,35.862569,-119.5037
254,2011,5.508767123287671,34.426361111111106,-118.517583333333
255,2011,5.490082644628099,36.175833,-120.36027
256,2011,4.474520547945205,37.54586944444444,-120.754530555556
257,2011,3.914836795252225,33.26844722222222,-116.36505
258,2011,3.9065753424657537,33.678151,-116.272921
259,2011,4.7465753424657535,36.913166,-121.823497
260,2011,3.3273972602739725,36.540942,-121.882096
261,2011,4.881917808219178,37.015026,-121.537043
262,2011,6.97909604519774,38.277972,-121.740989
263,2011,4.998290598290598,34.291331,-118.570044
264,2011,3.613913043478261,34.25615,-118.382905
265,2011,5.697245179063362,33.595736,-116.158761
266,2011,2.0811965811965814,34.214197,-118.644769
267,2011,4.239272727272727,34.59231,-118.127464
268,2011,4.484810126582279,38.672722,-121.811722
269,2011,3.0019178082191784,38.508333,-120.79972
270,2011,3.860821917808219,38.63611111111111,-120.793055555556
271,2011,2.6507246376811597,36.570101,-121.786499
272,2011,4.324074074074074,34.40555555555555,-119.715
273,2011,6.028219178082191,34.672222,-120.513056
274,2011,4.639272727272727,34.913472,-120.464778
275,2012,5.772677595628416,36.336222,-120.112906
276,2012,5.7194520547945205,38.535794,-121.776385
277,2012,3.601092896174863,36.851248,-120.59098
278,2012,5.8489071038251375,40.044065,-122.165408
279,2012,3.5622950819672137,39.608639,-121.824431
280,2012,5.551639344262295,38.752307,-120.73387
281,2012,5.3469945355191255,36.158138,-119.851408
282,2012,5.4598360655737705,36.768256,-121.773772
283,2012,4.601092896174864,35.86775,-119.8949
284,2012,4.84367816091954,39.226861,-122.0248
285,2012,3.827322404371584,37.358606,-118.405471
286,2012,3.751366120218579,36.597481,-119.50412
287,2012,4.430327868852459,33.043151,-115.415835
288,2012,4.845355191256831,41.063767,-121.456019
289,2012,3.959562841530054,33.96494166666667,-117.336983333333
290,2012,5.637087912087911,37.928154,-121.65973
291,2012,3.5680555555555555,35.305442,-120.661783
292,2012,5.603551912568307,35.649861,-119.9593
293,2012,5.442622950819672,37.09745,-120.754227
294,2012,5.363013698630137,40.289799,-120.433948
296,2012,3.911797752808989,33.48665,-117.228269
297,2012,4.080874316939891,34.583144,-120.079239
298,2012,4.768306010928962,32.759575,-115.732067
299,2012,4.706027397260274,37.834822,-121.223194
300,2012,5.198082191780821,37.645222,-121.187764
301,2012,3.855464480874317,33.688449999999996,-117.721177777778
302,2012,3.652185792349726,38.428475,-122.410206
303,2012,2.305191256830601,34.05658888888889,-117.813069444444
304,2012,4.53087431693989,36.820833,-119.742308
305,2012,3.9583561643835616,38.40355,-122.799931
306,2012,4.607650273224044,39.252561,-121.315669
307,2012,3.7125683060109287,39.006747,-123.080122
308,2012,2.9306010928961745,36.360647,-119.059344
309,2012,5.007002801120448,32.806183,-115.446258
310,2012,5.083879781420764,34.942525,-119.6738
311,2012,5.298907103825136,41.438214,-120.480308
312,2012,5.168306010928961,41.958869,-121.472372
313,2012,4.811748633879782,37.231861,-120.880819
314,2012,4.526229508196721,34.471579,-119.869484
315,2012,3.234530386740332,34.044311,-118.476886
316,2012,3.235245901639344,38.526822,-122.813886
317,2012,2.803825136612021,36.997831,-121.996863
318,2012,5.776648351648351,36.634028,-120.381811
319,2012,3.7405633802816896,38.982737,-123.088704
320,2012,2.7459016393442623,34.437352,-119.737329
321,2012,3.707103825136613,38.219503,-122.354964
322,2012,2.939344262295082,36.943964,-121.763942
323,2012,5.504371584699453,36.121275,-121.084455
324,2012,6.053825136612021,36.347415,-121.291248
325,2012,6.990710382513661,36.716806,-121.691889
326,2012,6.025409836065574,34.475914,-117.263514
327,2012,2.421584699453552,33.841387,-116.478729
328,2012,7.301917808219177,38.415564,-121.786911
330,2012,4.99808743169399,36.890096,-120.731665
331,2012,3.738028169014085,35.20581,-118.778437
332,2012,3.2716666666666674,36.854875,-121.362693
333,2012,5.807692307692308,33.327703,-115.944842
334,2012,5.0985754985754985,33.22018611111111,-115.580116666667
335,2012,4.157650273224044,36.902778,-121.741931
336,2012,3.4669398907103828,38.649964,-121.218872
337,2012,2.9087431693989068,34.196530555555555,-118.230202777778
338,2012,5.9930939226519335,34.884267,-116.979861
339,2012,4.675068493150685,33.6628694444444,-114.558108333333
340,2012,4.397814207650273,33.5236944444444,-116.15575
341,2012,4.154098360655738,35.603513,-119.212587
342,2012,3.3751366120218584,38.501258,-121.978528
343,2012,7.215027322404373,38.121739,-121.674455
344,2012,3.816393442622951,36.721083,-119.389028
345,2012,3.368493150684932,36.822926,-121.467934
346,2012,3.6043715846994537,38.266428,-122.616464
347,2012,4.388251366120218,37.016528,-120.186394
348,2012,3.509289617486339,35.505833,-119.691144
349,2012,3.80327868852459,32.628208,-116.939281
350,2012,4.227868852459016,37.314139,-120.3867
351,2012,1.8409836065573773,37.780653,-122.18015
352,2012,3.5054644808743167,32.885847,-117.143142
353,2012,4.186612021857924,33.532222,-114.633889
354,2012,3.4101092896174863,34.219386,-118.992439
355,2012,3.862021857923497,33.081050000000005,-116.975697222222
356,2012,2.4262295081967213,38.599158,-121.540406
357,2012,4.270491803278689,34.233639,-119.196922
358,2012,3.746994535519126,37.995478,-122.467656
359,2012,2.474863387978142,38.419439,-122.658719
360,2012,3.35,34.146372,-117.985797
361,2012,3.641225626740947,35.335267,-120.735652
362,2012,5.890983606557377,37.438944,-121.138511
363,2012,2.855464480874317,35.472556,-120.648142
364,2012,4.2,34.841878,-120.212736
365,2012,4.039071038251366,38.129641,-121.386323
366,2012,6.182786885245902,37.725881,-121.475517
367,2012,3.0677595628415304,36.082272,-119.093178
368,2012,3.710382513661202,38.015372,-122.020278
369,2012,3.2226775956284155,37.598758,-122.053233
370,2012,3.962021857923497,32.901867,-117.250458
371,2012,2.7013661202185792,33.79869722222222,-118.094791666667
372,2012,4.53314121037464,33.38307,-114.719385
373,2012,3.986885245901639,37.837614,-122.140739
374,2012,5.13229461756374,33.663325,-117.093383333333
375,2012,5.061748633879781,33.080733,-115.6857
376,2012,3.0494535519125687,35.833059,-119.255846
377,2012,7.687978142076502,36.488468,-117.919428
378,2012,3.5948087431693985,32.72948,-117.139488
379,2012,4.196174863387979,32.49265833333333,-114.826163888889
380,2012,5.356284153005465,38.090933,-122.526703
381,2012,7.389664804469274,36.358628,-117.943869
382,2012,4.6775956284153,36.382028,-120.22985
383,2012,3.521311475409836,37.663969,-121.885033
384,2012,4.793956043956044,34.25598,-117.218463
385,2012,6.033791208791209,36.63324,-121.934847
386,2012,4.98005540166205,37.720739,-120.852101
387,2012,3.451923076923077,38.887603,-121.102908
388,2012,3.6401639344262295,38.691786,-122.013808
389,2012,6.9909340659340655,34.614981,-118.032492
390,2012,3.951549295774648,34.324639,-119.104875
391,2012,3.6109289617486335,34.237645,-116.865853
392,2012,4.954371584699453,33.7485861111111,-116.252902777778
393,2012,5.143169398907104,32.67435277777778,-115.044380555556
394,2012,3.9314207650273225,35.028281,-120.560033
395,2012,4.17103825136612,35.862569,-119.5037
396,2012,5.586301369863014,34.426361111111106,-118.517583333333
397,2012,5.7699724517906334,36.175833,-120.36027
398,2012,4.730601092896175,37.54586944444444,-120.754530555556
399,2012,3.6999999999999993,33.26844722222222,-116.36505
400,2012,3.74344262295082,33.678151,-116.272921
401,2012,4.893681318681319,36.913166,-121.823497
402,2012,3.4136612021857924,36.540942,-121.882096
403,2012,4.886338797814207,37.015026,-121.537043
404,2012,7.690140845070423,38.277972,-121.740989
405,2012,4.746174863387979,34.291331,-118.570044
406,2012,3.831147540983606,34.25615,-118.382905
407,2012,5.750546448087433,33.595736,-116.158761
408,2012,2.5751366120218577,34.214197,-118.644769
409,2012,4.205205479452055,34.59231,-118.127464
410,2012,5.971703296703296,34.513611,-115.510556
411,2012,5.053994490358127,38.672722,-121.811722
412,2012,3.3948087431693987,38.508333,-120.79972
413,2012,3.907945205479452,38.63611111111111,-120.793055555556
414,2012,3.158904109589041,36.570101,-121.786499
415,2012,4.303296703296703,34.40555555555555,-119.715
416,2012,6.283606557377048,34.672222,-120.513056
417,2012,4.043169398907104,34.913472,-120.464778
418,2012,4.66448087431694,34.138104,-116.213508
419,2012,4.56359649122807,38.79794444444444,-121.61136111111111
420,2012,4.559701492537313,33.55281,-117.043302
421,2013,5.616712328767124,36.336222,-120.112906
422,2013,2.767567567567567,35.532695,-119.281862
423,2013,5.912876712328766,38.535794,-121.776385
424,2013,3.4027397260273973,36.851248,-120.59098
425,2013,5.796438356164383,40.044065,-122.165408
426,2013,3.362191780821917,39.608639,-121.824431
427,2013,5.306301369863014,38.752307,-120.73387
428,2013,5.29095890410959,36.158138,-119.851408
429,2013,2.7931506849315064,36.768256,-121.773772
430,2013,4.737534246575343,35.86775,-119.8949
431,2013,4.616986301369862,39.226861,-122.0248
432,2013,3.748493150684931,37.358606,-118.405471
433,2013,3.500547945205479,36.597481,-119.50412
434,2013,4.492602739726027,33.043151,-115.415835
435,2013,4.495342465753424,41.063767,-121.456019
436,2013,4.032054794520548,33.96494166666667,-117.336983333333
437,2013,5.280821917808219,37.928154,-121.65973
438,2013,3.4250000000000003,35.305442,-120.661783
439,2013,5.260555555555555,35.649861,-119.9593
440,2013,5.363835616438356,37.09745,-120.754227
441,2013,4.938356164383562,40.289799,-120.433948
442,2013,4.014246575342465,33.48665,-117.228269
443,2013,4.138356164383562,34.583144,-120.079239
444,2013,4.790684931506849,32.759575,-115.732067
445,2013,4.409589041095891,37.834822,-121.223194
446,2013,5.087671232876712,37.645222,-121.187764
447,2013,3.817534246575342,33.688449999999996,-117.721177777778
448,2013,3.676712328767124,38.428475,-122.410206
449,2013,2.3273972602739725,34.05658888888889,-117.813069444444
450,2013,4.234246575342466,36.820833,-119.742308
451,2013,3.4287671232876717,38.40355,-122.799931
452,2013,4.050958904109589,39.252561,-121.315669
453,2013,3.8380821917808223,39.006747,-123.080122
454,2013,2.8945205479452056,36.360647,-119.059344
455,2013,4.988767123287672,32.806183,-115.446258
456,2013,5.17945205479452,34.942525,-119.6738
457,2013,4.750964187327824,41.438214,-120.480308
458,2013,4.68027397260274,41.958869,-121.472372
459,2013,4.8922600619195045,37.231861,-120.880819
460,2013,4.45972602739726,34.471579,-119.869484
461,2013,3.7934246575342474,34.044311,-118.476886
462,2013,3.416712328767123,38.526822,-122.813886
463,2013,2.824657534246575,36.997831,-121.996863
464,2013,5.514520547945206,36.634028,-120.381811
465,2013,3.866849315068493,38.982737,-123.088704
466,2013,2.8298630136986302,34.437352,-119.737329
467,2013,3.527123287671233,38.219503,-122.354964
468,2013,3.609041095890412,36.943964,-121.763942
469,2013,5.341917808219178,36.121275,-121.084455
470,2013,6.336164383561643,36.347415,-121.291248
471,2013,3.46986301369863,36.716806,-121.691889
472,2013,5.579452054794521,34.475914,-117.263514
473,2013,2.4975342465753427,33.841387,-116.478729
474,2013,7.193972602739726,38.415564,-121.786911
475,2013,4.798630136986302,36.890096,-120.731665
476,2013,3.689863013698631,35.20581,-118.778437
477,2013,3.0372602739726027,36.854875,-121.362693
478,2013,5.504545454545455,33.22018611111111,-115.580116666667
479,2013,4.1717808219178085,36.902778,-121.741931
480,2013,3.363013698630137,38.649964,-121.218872
481,2013,3.1893150684931504,34.196530555555555,-118.230202777778
482,2013,4.958630136986302,33.6628694444444,-114.558108333333
483,2013,4.4380555555555565,33.5236944444444,-116.15575
484,2013,3.843835616438356,35.603513,-119.212587
485,2013,3.5197260273972604,38.501258,-121.978528
486,2013,7.56,38.121739,-121.674455
487,2013,4.01945205479452,36.721083,-119.389028
488,2013,2.3997237569060776,36.822926,-121.467934
489,2013,3.489041095890411,38.266428,-122.616464
490,2013,3.3487671232876712,35.505833,-119.691144
491,2013,4.074794520547946,32.628208,-116.939281
492,2013,4.047123287671233,37.314139,-120.3867
493,2013,3.3230136986301373,32.885847,-117.143142
494,2013,4.632602739726027,33.532222,-114.633889
495,2013,3.6460273972602737,34.219386,-118.992439
496,2013,3.63314447592068,33.081050000000005,-116.975697222222
497,2013,2.304109589041096,38.599158,-121.540406
498,2013,4.327945205479452,34.233639,-119.196922
499,2013,3.495890410958904,37.995478,-122.467656
500,2013,2.577534246575343,38.419439,-122.658719
501,2013,3.425205479452054,34.146372,-117.985797
502,2013,4.466301369863014,35.335267,-120.735652
503,2013,5.4550684931506845,37.438944,-121.138511
504,2013,2.697534246575342,35.472556,-120.648142
505,2013,4.113972602739726,34.841878,-120.212736
506,2013,3.791506849315069,38.129641,-121.386323
507,2013,5.63945205479452,37.725881,-121.475517
508,2013,2.932054794520548,36.082272,-119.093178
509,2013,3.732328767123288,38.015372,-122.020278
510,2013,3.1693150684931504,37.598758,-122.053233
511,2013,4.072876712328767,32.901867,-117.250458
512,2013,2.749025069637883,33.79869722222222,-118.094791666667
513,2013,4.801120448179272,33.38307,-114.719385
514,2013,3.823561643835616,37.837614,-122.140739
515,2013,5.064109589041096,33.663325,-117.093383333333
516,2013,5.025753424657535,33.080733,-115.6857
517,2013,3.1331506849315067,35.833059,-119.255846
518,2013,7.833698630136987,36.488468,-117.919428
519,2013,3.51978021978022,32.72948,-117.139488
520,2013,4.303581267217631,32.49265833333333,-114.826163888889
521,2013,5.417260273972603,38.090933,-122.526703
522,2013,3.641970802919708,37.01676,-120.148802
523,2013,7.084383561643836,36.358628,-117.943869
524,2013,4.766575342465753,36.382028,-120.22985
525,2013,3.4235616438356167,37.663969,-121.885033
526,2013,4.738082191780822,34.25598,-117.218463
527,2013,5.822160664819945,36.63324,-121.934847
528,2013,5.052328767123288,37.720739,-120.852101
529,2013,3.4616438356164383,38.887603,-121.102908
530,2013,3.863287671232877,38.691786,-122.013808
531,2013,7.520821917808218,34.614981,-118.032492
532,2013,3.8736986301369862,34.324639,-119.104875
533,2013,3.561917808219178,34.237645,-116.865853
534,2013,4.884109589041096,33.7485861111111,-116.252902777778
535,2013,5.098082191780822,32.67435277777778,-115.044380555556
536,2013,3.808219178082192,35.028281,-120.560033
537,2013,4.221369863013699,35.862569,-119.5037
538,2013,5.862191780821918,34.426361111111106,-118.517583333333
539,2013,5.718384401114206,36.175833,-120.36027
540,2013,4.618082191780822,37.54586944444444,-120.754530555556
541,2013,3.531129476584022,33.26844722222222,-116.36505
542,2013,3.864364640883978,33.678151,-116.272921
543,2013,4.87068493150685,36.913166,-121.823497
544,2013,3.1567123287671235,36.540942,-121.882096
545,2013,5.28054794520548,37.015026,-121.537043
546,2013,6.926869806094183,38.277972,-121.740989
547,2013,4.07979797979798,37.931547,-122.302714
548,2013,4.083478260869565,36.625626,-121.537887
549,2013,5.01972602739726,34.291331,-118.570044
550,2013,3.7736986301369866,34.25615,-118.382905
551,2013,5.7586301369863016,33.595736,-116.158761
552,2013,2.882191780821918,34.214197,-118.644769
553,2013,4.214835164835164,34.59231,-118.127464
554,2013,5.940111420612813,34.513611,-115.510556
555,2013,3.65068870523416,40.625499,-122.310887
556,2013,4.99972602739726,38.672722,-121.811722
557,2013,3.20782122905028,38.508333,-120.79972
558,2013,3.691506849315069,38.63611111111111,-120.793055555556
559,2013,3.342191780821918,36.570101,-121.786499
560,2013,4.312054794520548,34.40555555555555,-119.715
561,2013,5.861643835616438,34.672222,-120.513056
562,2013,3.606849315068493,34.913472,-120.464778
563,2013,4.658082191780823,34.138104,-116.213508
564,2013,4.763835616438357,38.79794444444444,-121.61136111111111
565,2013,5.041369863013698,33.55281,-117.043302
566,2013,4.259230769230769,33.899914,-117.171325
567,2013,4.47927927927928,33.756308,-117.197142
568,2014,5.52958904109589,36.336222,-120.112906
569,2014,3.4076712328767123,35.532695,-119.281862
570,2014,5.566027397260274,38.535794,-121.776385
571,2014,3.4345205479452057,36.851248,-120.59098
572,2014,3.176584022038568,39.608639,-121.824431
573,2014,5.584109589041096,38.752307,-120.73387
574,2014,4.914794520547945,36.158138,-119.851408
575,2014,3.934375,36.768256,-121.773772
576,2014,4.420821917808219,39.226861,-122.0248
577,2014,3.5786301369863014,37.358606,-118.405471
578,2014,3.5194520547945203,36.597481,-119.50412
579,2014,4.226050420168067,33.043151,-115.415835
580,2014,4.7473972602739725,41.063767,-121.456019
581,2014,4.023463687150838,33.96494166666667,-117.336983333333
582,2014,5.30415512465374,37.928154,-121.65973
583,2014,3.297808219178082,35.305442,-120.661783
584,2014,5.493972602739725,35.649861,-119.9593
585,2014,5.044931506849316,37.09745,-120.754227
586,2014,5.15041095890411,40.289799,-120.433948
587,2014,4.004507042253521,33.48665,-117.228269
588,2014,4.116164383561643,34.583144,-120.079239
589,2014,4.270410958904109,32.759575,-115.732067
590,2014,4.229945054945056,37.834822,-121.223194
591,2014,5.226648351648351,37.645222,-121.187764
592,2014,3.715890410958904,33.688449999999996,-117.721177777778
593,2014,3.5295890410958903,38.428475,-122.410206
594,2014,2.276712328767123,34.05658888888889,-117.813069444444
595,2014,4.26322188449848,36.820833,-119.742308
596,2014,3.9953424657534247,38.40355,-122.799931
597,2014,4.117260273972603,39.252561,-121.315669
598,2014,3.497260273972602,39.006747,-123.080122
599,2014,2.8531506849315065,36.360647,-119.059344
600,2014,4.963287671232877,32.806183,-115.446258
601,2014,5.201369863013698,34.942525,-119.6738
602,2014,5.21041095890411,41.438214,-120.480308
603,2014,4.983835616438356,41.958869,-121.472372
604,2014,4.661917808219178,37.231861,-120.880819
605,2014,3.9273972602739726,34.471579,-119.869484
606,2014,3.9,34.044311,-118.476886
607,2014,3.30986301369863,38.526822,-122.813886
608,2014,2.6883522727272724,36.997831,-121.996863
609,2014,5.686849315068493,36.634028,-120.381811
610,2014,3.204109589041096,38.982737,-123.088704
611,2014,2.895342465753425,34.437352,-119.737329
612,2014,2.9719887955182074,38.219503,-122.354964
613,2014,3.132328767123288,36.943964,-121.763942
614,2014,5.423561643835616,36.121275,-121.084455
615,2014,6.144657534246576,36.347415,-121.291248
616,2014,5.845479452054795,36.716806,-121.691889
617,2014,4.957022471910112,34.475914,-117.263514
618,2014,7.141436464088398,38.415564,-121.786911
619,2014,4.892328767123288,36.890096,-120.731665
620,2014,3.759065934065934,35.20581,-118.778437
621,2014,3.2450980392156863,36.854875,-121.362693
622,2014,4.495890410958904,36.902778,-121.741931
623,2014,3.261917808219178,38.649964,-121.218872
624,2014,3.3109589041095893,34.196530555555555,-118.230202777778
625,2014,4.96218487394958,33.6628694444444,-114.558108333333
626,2014,5.83988603988604,33.5236944444444,-116.15575
627,2014,3.788319088319089,35.603513,-119.212587
628,2014,3.213698630136986,38.501258,-121.978528
629,2014,7.487671232876713,38.121739,-121.674455
630,2014,4.113698630136986,36.721083,-119.389028
631,2014,3.6648351648351647,36.822926,-121.467934
632,2014,3.4982954545454548,38.266428,-122.616464
633,2014,3.385479452054794,35.505833,-119.691144
634,2014,4.086849315068493,32.628208,-116.939281
635,2014,4.314325068870523,37.314139,-120.3867
636,2014,3.410958904109589,32.885847,-117.143142
637,2014,4.587945205479452,33.532222,-114.633889
638,2014,3.306849315068493,34.219386,-118.992439
639,2014,3.6054794520547935,33.081050000000005,-116.975697222222
640,2014,2.2323287671232874,38.599158,-121.540406
641,2014,4.552328767123288,34.233639,-119.196922
642,2014,3.5972602739726027,37.995478,-122.467656
643,2014,2.477260273972603,38.419439,-122.658719
644,2014,3.41945205479452,34.146372,-117.985797
645,2014,4.298607242339832,35.335267,-120.735652
646,2014,5.7783561643835615,37.438944,-121.138511
647,2014,2.7520661157024797,35.472556,-120.648142
648,2014,4.143589743589744,34.841878,-120.212736
649,2014,3.727397260273973,38.129641,-121.386323
650,2014,5.5019178082191775,37.725881,-121.475517
651,2014,2.820821917808219,36.082272,-119.093178
652,2014,3.676986301369863,38.015372,-122.020278
653,2014,3.091232876712328,37.598758,-122.053233
654,2014,4.037673130193906,32.901867,-117.250458
655,2014,1.8126027397260276,33.79869722222222,-118.094791666667
656,2014,4.186027397260275,33.38307,-114.719385
657,2014,3.8063013698630135,37.837614,-122.140739
658,2014,5.107397260273972,33.663325,-117.093383333333
659,2014,4.996164383561643,33.080733,-115.6857
660,2014,3.1153424657534243,35.833059,-119.255846
661,2014,7.509041095890411,36.488468,-117.919428
662,2014,1.890958904109589,32.72948,-117.139488
663,2014,4.842191780821917,38.090933,-122.526703
664,2014,3.407671232876712,37.01676,-120.148802
665,2014,7.201095890410959,36.358628,-117.943869
666,2014,4.651232876712329,36.382028,-120.22985
667,2014,3.735068493150685,37.663969,-121.885033
668,2014,4.740821917808219,34.25598,-117.218463
669,2014,5.371944444444445,36.63324,-121.934847
670,2014,5.044186046511627,37.720739,-120.852101
671,2014,3.0978082191780816,38.887603,-121.102908
672,2014,3.451232876712328,38.691786,-122.013808
673,2014,7.151232876712328,34.614981,-118.032492
674,2014,3.699726027397261,34.324639,-119.104875
675,2014,3.478082191780822,34.237645,-116.865853
676,2014,4.77972602739726,33.7485861111111,-116.252902777778
677,2014,5.116981132075472,32.67435277777778,-115.044380555556
678,2014,4.1158904109589045,35.028281,-120.560033
679,2014,4.345479452054795,35.862569,-119.5037
680,2014,4.804383561643835,34.426361111111106,-118.517583333333
681,2014,5.504945054945055,36.175833,-120.36027
682,2014,4.721369863013699,37.54586944444444,-120.754530555556
683,2014,3.226575342465753,33.26844722222222,-116.36505
684,2014,3.354120879120879,33.678151,-116.272921
685,2014,4.9619178082191775,36.913166,-121.823497
686,2014,3.08732782369146,36.540942,-121.882096
687,2014,4.889315068493152,37.015026,-121.537043
688,2014,7.199723756906078,38.277972,-121.740989
689,2014,4.948767123287672,37.931547,-122.302714
690,2014,4.03854748603352,36.625626,-121.537887
691,2014,4.672054794520547,34.291331,-118.570044
692,2014,3.6350684931506856,34.25615,-118.382905
693,2014,3.8961325966850815,34.269031,-118.849319
694,2014,5.707397260273972,33.595736,-116.158761
695,2014,2.812876712328767,34.214197,-118.644769
696,2014,4.166301369863014,34.59231,-118.127464
697,2014,5.991780821917808,34.513611,-115.510556
698,2014,4.997142857142858,40.028778,-122.15575
699,2014,3.2950684931506844,40.625499,-122.310887
700,2014,5.087845303867403,38.672722,-121.811722
701,2014,3.236712328767124,38.508333,-120.79972
702,2014,3.90027397260274,38.63611111111111,-120.793055555556
703,2014,3.277808219178082,36.570101,-121.786499
704,2014,4.471780821917808,34.40555555555555,-119.715
705,2014,5.727123287671233,34.672222,-120.513056
706,2014,4.161369863013699,34.913472,-120.464778
707,2014,4.64904109589041,34.138104,-116.213508
708,2014,4.737808219178083,38.79794444444444,-121.61136111111111
709,2014,4.892602739726027,33.55281,-117.043302
710,2014,4.0736986301369855,33.899914,-117.171325
711,2014,4.584657534246575,33.756308,-117.197142
712,2015,5.382465753424658,36.336222,-120.112906
713,2015,3.3493150684931505,35.532695,-119.281862
714,2015,5.281643835616439,38.535794,-121.776385
715,2015,3.271780821917809,36.851248,-120.59098
716,2015,2.9712328767123286,39.608639,-121.824431
717,2015,5.398904109589041,38.752307,-120.73387
718,2015,4.95041095890411,36.158138,-119.851408
719,2015,2.8298630136986302,36.768256,-121.773772
720,2015,4.426575342465753,35.86775,-119.8949
721,2015,4.598342541436464,39.226861,-122.0248
722,2015,3.603561643835616,37.358606,-118.405471
723,2015,3.6843835616438354,36.597481,-119.50412
724,2015,3.836842105263158,33.043151,-115.415835
725,2015,4.507945205479452,41.063767,-121.456019
726,2015,4.061095890410958,33.96494166666667,-117.336983333333
727,2015,5.141643835616439,37.928154,-121.65973
728,2015,3.3816438356164378,35.305442,-120.661783
729,2015,5.947687861271676,35.649861,-119.9593
730,2015,3.2194520547945205,37.09745,-120.754227
731,2015,4.83013698630137,40.289799,-120.433948
732,2015,4.09478021978022,33.48665,-117.228269
733,2015,3.9180821917808215,34.583144,-120.079239
734,2015,5.003047091412742,32.759575,-115.732067
735,2015,4.3063013698630135,37.834822,-121.223194
736,2015,5.1347945205479455,37.645222,-121.187764
737,2015,3.7210958904109583,33.688449999999996,-117.721177777778
738,2015,3.545753424657534,38.428475,-122.410206
739,2015,2.23972602739726,34.05658888888889,-117.813069444444
740,2015,4.117808219178082,36.820833,-119.742308
741,2015,3.946831955922864,38.40355,-122.799931
742,2015,4.025479452054794,39.252561,-121.315669
743,2015,3.463186813186813,39.006747,-123.080122
744,2015,2.914246575342466,36.360647,-119.059344
745,2015,5.10934065934066,32.806183,-115.446258
746,2015,4.912054794520548,34.942525,-119.6738
747,2015,4.579999999999999,41.438214,-120.480308
748,2015,4.411506849315068,41.958869,-121.472372
749,2015,4.498538011695906,37.231861,-120.880819
750,2015,4.524383561643835,34.471579,-119.869484
751,2015,3.856712328767123,34.044311,-118.476886
752,2015,2.958904109589041,38.526822,-122.813886
753,2015,2.739452054794521,36.997831,-121.996863
754,2015,5.163561643835616,36.634028,-120.381811
755,2015,3.4912328767123286,38.982737,-123.088704
756,2015,2.803013698630137,34.437352,-119.737329
757,2015,3.183835616438356,38.219503,-122.354964
758,2015,3.674520547945205,36.943964,-121.763942
759,2015,5.247671232876713,36.121275,-121.084455
760,2015,5.965753424657534,36.347415,-121.291248
761,2015,6.170958904109588,36.716806,-121.691889
762,2015,5.544383561643835,34.475914,-117.263514
763,2015,7.011111111111111,38.415564,-121.786911
764,2015,4.68732782369146,36.890096,-120.731665
765,2015,3.224109589041096,35.20581,-118.778437
766,2015,3.2063013698630134,36.854875,-121.362693
767,2015,4.895890410958905,36.902778,-121.741931
768,2015,3.192561983471075,38.649964,-121.218872
769,2015,4.967671232876713,33.6628694444444,-114.558108333333
770,2015,4.203287671232878,33.5236944444444,-116.15575
771,2015,3.682872928176796,35.603513,-119.212587
772,2015,3.172054794520548,38.501258,-121.978528
773,2015,7.352328767123287,38.121739,-121.674455
774,2015,4.0260273972602745,36.721083,-119.389028
775,2015,4.636712328767124,36.822926,-121.467934
776,2015,3.661369863013699,38.266428,-122.616464
777,2015,3.3375690607734807,35.505833,-119.691144
778,2015,4.121643835616439,32.628208,-116.939281
779,2015,3.8980716253443526,37.314139,-120.3867
780,2015,3.3140883977900555,32.885847,-117.143142
781,2015,4.867945205479452,33.532222,-114.633889
782,2015,3.284383561643836,34.219386,-118.992439
783,2015,3.931615120274914,33.081050000000005,-116.975697222222
784,2015,2.243956043956044,38.599158,-121.540406
785,2015,4.717857142857143,34.233639,-119.196922
786,2015,3.649401197604791,37.995478,-122.467656
787,2015,2.585714285714286,38.419439,-122.658719
788,2015,3.3958904109589043,34.146372,-117.985797
789,2015,4.481095890410959,35.335267,-120.735652
790,2015,5.273972602739726,37.438944,-121.138511
791,2015,2.673972602739726,35.472556,-120.648142
792,2015,4.159452054794521,34.841878,-120.212736
793,2015,5.621369863013699,37.725881,-121.475517
794,2015,2.9701369863013696,36.082272,-119.093178
795,2015,3.686575342465753,38.015372,-122.020278
796,2015,3.032876712328767,37.598758,-122.053233
797,2015,4.088219178082191,32.901867,-117.250458
798,2015,2.665934065934066,33.79869722222222,-118.094791666667
799,2015,4.650958904109589,33.38307,-114.719385
800,2015,3.837534246575343,37.837614,-122.140739
801,2015,5.022191780821919,33.663325,-117.093383333333
802,2015,5.063532763532764,33.080733,-115.6857
803,2015,3.1904109589041094,35.833059,-119.255846
804,2015,7.686849315068493,36.488468,-117.919428
805,2015,1.806027397260274,32.72948,-117.139488
806,2015,4.464971751412429,32.49265833333333,-114.826163888889
807,2015,5.147123287671233,38.090933,-122.526703
808,2015,3.846814404432133,37.01676,-120.148802
809,2015,7.167123287671233,36.358628,-117.943869
810,2015,4.355890410958905,36.382028,-120.22985
811,2015,3.5873972602739728,37.663969,-121.885033
812,2015,4.74054794520548,34.25598,-117.218463
813,2015,5.489315068493151,36.63324,-121.934847
814,2015,4.809315068493151,37.720739,-120.852101
815,2015,3.112054794520548,38.887603,-121.102908
816,2015,2.7167123287671235,38.691786,-122.013808
817,2015,6.8660273972602734,34.614981,-118.032492
818,2015,2.572602739726027,34.324639,-119.104875
819,2015,3.409041095890412,34.237645,-116.865853
820,2015,4.707182320441989,33.7485861111111,-116.252902777778
821,2015,4.941249999999999,32.67435277777778,-115.044380555556
822,2015,3.868767123287671,35.028281,-120.560033
823,2015,4.099726027397261,35.862569,-119.5037
824,2015,4.4252747252747255,34.426361111111106,-118.517583333333
825,2015,5.196703296703297,36.175833,-120.36027
826,2015,4.741095890410959,37.54586944444444,-120.754530555556
827,2015,3.4076712328767127,33.26844722222222,-116.36505
828,2015,3.818630136986302,33.678151,-116.272921
829,2015,4.922802197802198,36.913166,-121.823497
830,2015,3.263013698630137,36.540942,-121.882096
831,2015,5.002191780821918,37.015026,-121.537043
832,2015,7.765963855421687,38.277972,-121.740989
833,2015,4.963013698630137,37.931547,-122.302714
834,2015,3.850684931506849,36.625626,-121.537887
835,2015,4.698904109589041,34.291331,-118.570044
836,2015,3.485479452054794,34.25615,-118.382905
837,2015,4.046153846153847,34.269031,-118.849319
838,2015,5.723013698630136,33.595736,-116.158761
839,2015,2.818356164383562,34.214197,-118.644769
840,2015,4.051506849315069,34.59231,-118.127464
841,2015,5.533424657534247,34.513611,-115.510556
842,2015,5.221643835616438,40.028778,-122.15575
843,2015,3.453150684931507,40.625499,-122.310887
844,2015,3.455642023346304,41.577778,-122.838125
845,2015,4.938630136986301,38.672722,-121.811722
846,2015,3.121917808219178,38.508333,-120.79972
847,2015,3.82054794520548,38.63611111111111,-120.793055555556
848,2015,3.26,36.570101,-121.786499
849,2015,4.306027397260274,34.40555555555555,-119.715
850,2015,5.172602739726028,34.672222,-120.513056
851,2015,3.548767123287671,34.913472,-120.464778
852,2015,4.458356164383561,34.138104,-116.213508
853,2015,8.300970873786408,34.883472,-116.810247
854,2015,4.823287671232877,38.79794444444444,-121.61136111111111
855,2015,4.562162162162162,41.802476,-121.996159
856,2015,4.512602739726027,33.55281,-117.043302
857,2015,3.904109589041096,33.899914,-117.171325
858,2015,4.628488372093024,33.664747,-116.955121
859,2015,3.1701369863013698,33.756308,-117.197142
860,2015,4.1725146198830405,33.462405,-117.586497
861,2015,5.133928571428571,38.192386,-121.510339
862,2015,4.148979591836734,39.386632,-121.835263
863,2015,3.170588235294117,33.621667,-117.585278
864,2016,5.455737704918032,36.336222,-120.112906
865,2016,3.4695530726256982,35.532695,-119.281862
866,2016,5.147540983606557,38.535794,-121.776385
867,2016,3.236612021857923,36.851248,-120.59098
868,2016,3.0956284153005464,39.608639,-121.824431
869,2016,5.471038251366121,38.752307,-120.73387
870,2016,5.089344262295082,36.158138,-119.851408
871,2016,4.431147540983607,36.768256,-121.773772
872,2016,4.565703971119135,35.86775,-119.8949
873,2016,3.565573770491804,37.358606,-118.405471
874,2016,3.345081967213116,36.597481,-119.50412
875,2016,4.72281690140845,33.043151,-115.415835
876,2016,4.684426229508197,41.063767,-121.456019
877,2016,3.9535911602209945,33.96494166666667,-117.336983333333
878,2016,5.217486338797814,37.928154,-121.65973
879,2016,3.469945355191257,35.305442,-120.661783
880,2016,5.66120218579235,35.649861,-119.9593
881,2016,5.388461538461539,37.09745,-120.754227
882,2016,4.895355191256831,40.289799,-120.433948
883,2016,4.096521739130434,33.48665,-117.228269
884,2016,4.11775956284153,34.583144,-120.079239
885,2016,4.528296703296704,32.759575,-115.732067
886,2016,4.2918032786885245,37.834822,-121.223194
887,2016,5.273770491803278,37.645222,-121.187764
888,2016,3.609289617486339,33.688449999999996,-117.721177777778
889,2016,3.0830357142857148,38.428475,-122.410206
890,2016,2.053551912568306,34.05658888888889,-117.813069444444
891,2016,4.433879781420765,36.820833,-119.742308
892,2016,3.151639344262295,38.40355,-122.799931
893,2016,4.248493150684932,39.252561,-121.315669
894,2016,2.985245901639344,36.360647,-119.059344
895,2016,5.333333333333333,32.806183,-115.446258
896,2016,4.770491803278689,34.942525,-119.6738
897,2016,5.231967213114754,41.438214,-120.480308
898,2016,5.081284916201117,41.958869,-121.472372
899,2016,4.638815789473685,37.231861,-120.880819
900,2016,3.910891089108911,34.044311,-118.476886
901,2016,3.3122159090909093,38.526822,-122.813886
902,2016,2.7267759562841527,36.997831,-121.996863
903,2016,5.241530054644809,36.634028,-120.381811
904,2016,3.671311475409836,38.982737,-123.088704
905,2016,2.59672131147541,34.437352,-119.737329
906,2016,3.0877049180327867,38.219503,-122.354964
907,2016,3.1177595628415298,36.943964,-121.763942
908,2016,5.354098360655738,36.121275,-121.084455
909,2016,5.895355191256831,36.347415,-121.291248
910,2016,6.0683060109289615,36.716806,-121.691889
911,2016,5.813387978142076,34.475914,-117.263514
912,2016,6.566939890710382,38.415564,-121.786911
913,2016,4.5420765027322405,36.890096,-120.731665
914,2016,3.6420765027322406,35.20581,-118.778437
915,2016,3.183195592286501,36.854875,-121.362693
916,2016,4.647540983606557,36.902778,-121.741931
917,2016,3.2734246575342465,38.649964,-121.218872
918,2016,5.141225626740948,33.6628694444444,-114.558108333333
919,2016,4.083606557377049,33.5236944444444,-116.15575
920,2016,3.135792349726776,38.501258,-121.978528
921,2016,7.174863387978142,38.121739,-121.674455
922,2016,3.8333333333333335,36.721083,-119.389028
923,2016,4.339071038251366,36.822926,-121.467934
924,2016,3.690163934426229,38.266428,-122.616464
925,2016,2.9650273224043717,35.505833,-119.691144
926,2016,4.060655737704918,32.628208,-116.939281
927,2016,3.4945355191256837,37.314139,-120.3867
928,2016,2.5101092896174864,32.885847,-117.143142
929,2016,4.852732240437158,33.532222,-114.633889
930,2016,3.749180327868853,34.219386,-118.992439
931,2016,2.93879781420765,33.081050000000005,-116.975697222222
932,2016,2.223013698630137,38.599158,-121.540406
933,2016,3.6620218579234978,37.995478,-122.467656
934,2016,2.402185792349727,38.419439,-122.658719
935,2016,3.4139344262295084,34.146372,-117.985797
936,2016,4.305191256830601,35.335267,-120.735652
937,2016,4.8686609686609685,37.438944,-121.138511
938,2016,2.7482758620689656,35.472556,-120.648142
939,2016,2.84344262295082,34.841878,-120.212736
940,2016,5.576502732240437,37.725881,-121.475517
941,2016,3.291696750902527,36.082272,-119.093178
942,2016,3.5789017341040466,38.015372,-122.020278
943,2016,2.884109589041096,37.598758,-122.053233
944,2016,4.204371584699454,32.901867,-117.250458
945,2016,1.8161202185792351,33.79869722222222,-118.094791666667
946,2016,4.850819672131148,33.38307,-114.719385
947,2016,4.025956284153006,37.837614,-122.140739
948,2016,4.992638036809816,33.663325,-117.093383333333
949,2016,5.156010928961749,33.080733,-115.6857
950,2016,3.175616438356165,35.833059,-119.255846
951,2016,7.625956284153005,36.488468,-117.919428
952,2016,1.7311475409836066,32.72948,-117.139488
953,2016,4.656010928961749,38.090933,-122.526703
954,2016,3.900273224043716,37.01676,-120.148802
955,2016,7.223561643835616,36.358628,-117.943869
956,2016,4.286612021857923,36.382028,-120.22985
957,2016,3.761202185792349,37.663969,-121.885033
958,2016,4.773224043715847,34.25598,-117.218463
959,2016,5.504098360655738,36.63324,-121.934847
960,2016,5.079936305732484,37.720739,-120.852101
961,2016,3.115300546448088,38.887603,-121.102908
962,2016,2.3739010989010985,38.691786,-122.013808
963,2016,7.226502732240436,34.614981,-118.032492
964,2016,3.9363387978142073,34.324639,-119.104875
965,2016,3.415573770491803,34.237645,-116.865853
966,2016,4.703551912568306,33.7485861111111,-116.252902777778
967,2016,3.235792349726776,35.028281,-120.560033
968,2016,4.261748633879781,35.862569,-119.5037
969,2016,5.033606557377049,34.426361111111106,-118.517583333333
970,2016,5.288524590163934,36.175833,-120.36027
971,2016,4.686849315068494,37.54586944444444,-120.754530555556
972,2016,3.598452012383901,33.26844722222222,-116.36505
973,2016,3.677322404371585,33.678151,-116.272921
974,2016,4.75655737704918,36.913166,-121.823497
975,2016,3.2460273972602733,36.540942,-121.882096
976,2016,4.986612021857924,37.015026,-121.537043
977,2016,7.417213114754098,38.277972,-121.740989
978,2016,5.083954154727794,37.931547,-122.302714
979,2016,3.7975409836065577,36.625626,-121.537887
980,2016,4.6554644808743175,34.291331,-118.570044
981,2016,3.4734972677595635,34.25615,-118.382905
982,2016,3.9786885245901633,34.269031,-118.849319
983,2016,5.211475409836066,33.595736,-116.158761
984,2016,2.3022038567493115,34.214197,-118.644769
985,2016,4.187150837988827,34.59231,-118.127464
986,2016,5.605099150141643,34.513611,-115.510556
987,2016,5.695355191256831,40.028778,-122.15575
988,2016,3.379508196721312,40.625499,-122.310887
989,2016,3.600273224043716,41.577778,-122.838125
990,2016,4.575956284153006,38.672722,-121.811722
991,2016,3.2202185792349725,38.508333,-120.79972
992,2016,3.97909604519774,38.63611111111111,-120.793055555556
993,2016,3.201639344262296,36.570101,-121.786499
994,2016,4.505367231638418,34.40555555555555,-119.715
995,2016,5.9603825136612025,34.672222,-120.513056
996,2016,2.6775342465753424,34.913472,-120.464778
997,2016,4.622527472527472,34.138104,-116.213508
998,2016,8.36775956284153,34.883472,-116.810247
999,2016,4.488980716253444,38.79794444444444,-121.61136111111111
1000,2016,5.106284153005465,41.802476,-121.996159
1001,2016,4.893169398907104,33.55281,-117.043302
1002,2016,3.9101092896174863,33.899914,-117.171325
1003,2016,4.572307692307692,33.664747,-116.955121
1004,2016,3.500892857142857,33.756308,-117.197142
1005,2016,4.148360655737704,33.462405,-117.586497
1006,2016,5.033879781420765,38.192386,-121.510339
1007,2016,5.969589041095889,38.249622,-121.555528
1008,2016,4.162568306010929,39.386632,-121.835263
1009,2016,3.3173076923076925,33.621667,-117.585278
1010,2016,7.881420765027322,38.773409,-119.79193
1011,2016,6.871839080459769,38.033386,-121.701247
1012,2016,4.573417721518987,37.93218,-121.397461
1013,2016,4.298125000000001,37.755597,-121.266153
1014,2016,4.403007518796992,39.210667,-122.168889
1015,2016,3.203614457831325,34.112042,-117.1857
1016,2016,5.472727272727274,36.456728,-121.344388
1017,2017,5.69888888888889,36.336222,-120.112906
1018,2017,3.5711111111111107,35.532695,-119.281862
1019,2017,5.006575342465753,38.535794,-121.776385
1020,2017,3.7043835616438354,36.851248,-120.59098
1021,2017,3.2575342465753425,39.608639,-121.824431
1022,2017,5.5917808219178085,38.752307,-120.73387
1023,2017,5.131476323119776,36.158138,-119.851408
1024,2017,6.056712328767123,36.768256,-121.773772
1025,2017,3.262465753424657,37.358606,-118.405471
1026,2017,3.723013698630137,36.597481,-119.50412
1027,2017,4.082303370786517,33.043151,-115.415835
1028,2017,4.290958904109589,41.063767,-121.456019
1029,2017,3.978356164383561,33.96494166666667,-117.336983333333
1030,2017,5.787162162162162,37.928154,-121.65973
1031,2017,3.76986301369863,35.305442,-120.661783
1032,2017,5.439178082191781,35.649861,-119.9593
1033,2017,5.356593406593406,37.09745,-120.754227
1034,2017,4.918356164383561,40.289799,-120.433948
1035,2017,3.544200626959247,33.48665,-117.228269
1036,2017,4.092837465564738,34.583144,-120.079239
1037,2017,4.80958904109589,32.759575,-115.732067
1038,2017,4.304657534246576,37.834822,-121.223194
1039,2017,5.275350140056022,37.645222,-121.187764
1040,2017,3.723076923076923,33.688449999999996,-117.721177777778
1041,2017,3.595342465753425,38.428475,-122.410206
1042,2017,2.2202216066481992,34.05658888888889,-117.813069444444
1043,2017,4.5827397260273965,36.820833,-119.742308
1044,2017,3.296438356164383,38.40355,-122.799931
1045,2017,4.342699724517906,39.252561,-121.315669
1046,2017,2.9468208092485546,36.360647,-119.059344
1047,2017,5.2065753424657535,32.806183,-115.446258
1048,2017,4.789020771513353,34.942525,-119.6738
1049,2017,5.292054794520547,41.438214,-120.480308
1050,2017,5.123287671232877,41.958869,-121.472372
1051,2017,4.772328767123288,37.231861,-120.880819
1052,2017,3.566574585635359,34.044311,-118.476886
1053,2017,2.935664335664336,38.526822,-122.813886
1054,2017,2.6624657534246574,36.997831,-121.996863
1055,2017,5.456164383561644,36.634028,-120.381811
1056,2017,3.38121387283237,38.982737,-123.088704
1057,2017,2.655865921787709,34.437352,-119.737329
1058,2017,3.200821917808219,38.219503,-122.354964
1059,2017,3.67945205479452,36.943964,-121.763942
1060,2017,5.405479452054794,36.121275,-121.084455
1061,2017,6.376164383561644,36.347415,-121.291248
1062,2017,6.47972602739726,36.716806,-121.691889
1063,2017,6.645531914893617,34.475914,-117.263514
1064,2017,6.442465753424657,38.415564,-121.786911
1065,2017,4.592876712328767,36.890096,-120.731665
1066,2017,3.80027397260274,35.20581,-118.778437
1067,2017,3.236312849162011,36.854875,-121.362693
1068,2017,4.846849315068493,36.902778,-121.741931
1069,2017,3.367397260273973,38.649964,-121.218872
1070,2017,4.896438356164383,33.6628694444444,-114.558108333333
1071,2017,3.8597260273972593,33.5236944444444,-116.15575
1072,2017,3.656986301369863,38.501258,-121.978528
1073,2017,6.776164383561644,38.121739,-121.674455
1074,2017,3.845205479452055,36.721083,-119.389028
1075,2017,4.154246575342466,36.822926,-121.467934
1076,2017,3.674175824175824,38.266428,-122.616464
1077,2017,3.0432876712328767,35.505833,-119.691144
1078,2017,3.848493150684932,32.628208,-116.939281
1079,2017,3.387878787878788,37.314139,-120.3867
1080,2017,1.985479452054795,32.885847,-117.143142
1081,2017,4.90231884057971,33.532222,-114.633889
1082,2017,3.729041095890411,34.219386,-118.992439
1083,2017,3.286849315068493,33.081050000000005,-116.975697222222
1084,2017,2.255068493150685,38.599158,-121.540406
1085,2017,1.84,37.995478,-122.467656
1086,2017,2.473150684931507,38.419439,-122.658719
1087,2017,3.4189041095890413,34.146372,-117.985797
1088,2017,4.56392405063291,35.335267,-120.735652
1089,2017,2.992134831460674,35.472556,-120.648142
1090,2017,3.887360594795539,34.841878,-120.212736
1091,2017,3.0338983050847457,36.082272,-119.093178
1092,2017,3.349557522123894,38.015372,-122.020278
1093,2017,2.4468503937007875,37.598758,-122.053233
1094,2017,4.043333333333333,32.901867,-117.250458
1095,2017,2.5676712328767124,33.79869722222222,-118.094791666667
1096,2017,4.916438356164384,33.38307,-114.719385
1097,2017,4.098082191780822,37.837614,-122.140739
1098,2017,4.259604519774012,33.663325,-117.093383333333
1099,2017,4.689863013698631,33.080733,-115.6857
1100,2017,3.22168284789644,35.833059,-119.255846
1101,2017,8.152188552188552,36.488468,-117.919428
1102,2017,2.507945205479452,32.72948,-117.139488
1103,2017,4.926988636363636,38.090933,-122.526703
1104,2017,4.030684931506849,37.01676,-120.148802
1105,2017,7.195890410958904,36.358628,-117.943869
1106,2017,5.032602739726028,36.382028,-120.22985
1107,2017,3.831232876712329,37.663969,-121.885033
1108,2017,4.807123287671232,34.25598,-117.218463
1109,2017,5.897802197802198,36.63324,-121.934847
1110,2017,4.857817109144543,37.720739,-120.852101
1111,2017,2.627671232876712,38.887603,-121.102908
1112,2017,6.8553424657534245,34.614981,-118.032492
1113,2017,3.735068493150685,34.324639,-119.104875
1114,2017,3.37945205479452,34.237645,-116.865853
1115,2017,4.765384615384615,33.7485861111111,-116.252902777778
1116,2017,3.006824925816024,35.028281,-120.560033
1117,2017,5.458904109589041,34.426361111111106,-118.517583333333
1118,2017,5.5509589041095895,36.175833,-120.36027
1119,2017,4.854444444444444,37.54586944444444,-120.754530555556
1120,2017,3.4476712328767127,33.26844722222222,-116.36505
1121,2017,3.887465181058496,33.678151,-116.272921
1122,2017,4.94027397260274,36.913166,-121.823497
1123,2017,3.311396011396012,36.540942,-121.882096
1124,2017,5.157534246575342,37.015026,-121.537043
1125,2017,6.819999999999999,38.277972,-121.740989
1126,2017,5.036645962732919,37.931547,-122.302714
1127,2017,3.834722222222222,36.625626,-121.537887
1128,2017,4.597377049180327,34.291331,-118.570044
1129,2017,3.424358974358974,34.25615,-118.382905
1130,2017,3.702747252747253,34.269031,-118.849319
1131,2017,5.714246575342465,33.595736,-116.158761
1132,2017,1.941111111111111,34.214197,-118.644769
1133,2017,3.9574229691876743,34.59231,-118.127464
1134,2017,5.072519083969466,34.513611,-115.510556
1135,2017,5.827123287671232,40.028778,-122.15575
1136,2017,3.655890410958905,40.625499,-122.310887
1137,2017,3.721212121212121,41.577778,-122.838125
1138,2017,4.712328767123288,38.672722,-121.811722
1139,2017,3.323835616438356,38.508333,-120.79972
1140,2017,3.51267217630854,38.63611111111111,-120.793055555556
1141,2017,3.2860273972602743,36.570101,-121.786499
1142,2017,4.307692307692308,34.40555555555555,-119.715
1143,2017,5.505753424657534,34.672222,-120.513056
1144,2017,3.0449315068493155,34.913472,-120.464778
1145,2017,4.298571428571429,34.138104,-116.213508
1146,2017,7.889256198347108,34.883472,-116.810247
1147,2017,4.685479452054794,38.79794444444444,-121.61136111111111
1148,2017,5.340547945205478,41.802476,-121.996159
1149,2017,4.535446685878963,33.55281,-117.043302
1150,2017,3.775522388059702,33.899914,-117.171325
1151,2017,4.520113314447592,33.664747,-116.955121
1152,2017,4.454120879120879,33.756308,-117.197142
1153,2017,3.859178082191781,33.462405,-117.586497
1154,2017,5.243013698630137,38.192386,-121.510339
1155,2017,5.7676712328767135,38.249622,-121.555528
1156,2017,4.541369863013698,39.386632,-121.835263
1157,2017,3.2515068493150685,33.621667,-117.585278
1158,2017,7.646027397260273,38.773409,-119.79193
1159,2017,7.280547945205479,38.033386,-121.701247
1160,2017,5.000571428571429,37.93218,-121.397461
1161,2017,4.781917808219179,37.755597,-121.266153
1162,2017,5.47068493150685,39.210667,-122.168889
1163,2017,3.904109589041096,34.112042,-117.1857
1164,2017,7.60986301369863,36.456728,-121.344388
1165,2017,3.390769230769231,37.255333,-122.3708
1166,2018,5.28598901098901,36.336222,-120.112906
1167,2018,3.6999999999999993,35.532695,-119.281862
1168,2018,5.078082191780822,38.535794,-121.776385
1169,2018,3.220056497175141,36.851248,-120.59098
1170,2018,2.9657534246575343,39.608639,-121.824431
1171,2018,5.187123287671232,38.752307,-120.73387
1172,2018,5.002747252747253,36.158138,-119.851408
1173,2018,5.7507082152974505,36.768256,-121.773772
1174,2018,3.3632876712328765,37.358606,-118.405471
1175,2018,3.673972602739726,36.597481,-119.50412
1176,2018,3.42752808988764,33.043151,-115.415835
1177,2018,4.344383561643836,41.063767,-121.456019
1178,2018,3.890684931506849,33.96494166666667,-117.336983333333
1179,2018,5.347945205479452,37.928154,-121.65973
1180,2018,3.653698630136986,35.305442,-120.661783
1181,2018,5.655068493150686,35.649861,-119.9593
1182,2018,5.381643835616439,37.09745,-120.754227
1183,2018,4.558082191780822,40.289799,-120.433948
1184,2018,3.6166666666666663,33.48665,-117.228269
1185,2018,4.037292817679558,34.583144,-120.079239
1186,2018,4.9071428571428575,32.759575,-115.732067
1187,2018,4.198630136986301,37.834822,-121.223194
1188,2018,5.005753424657534,37.645222,-121.187764
1189,2018,3.292328767123288,33.688449999999996,-117.721177777778
1190,2018,3.5794520547945203,38.428475,-122.410206
1191,2018,3.6162087912087912,34.05658888888889,-117.813069444444
1192,2018,4.25095890410959,36.820833,-119.742308
1193,2018,3.648767123287672,38.40355,-122.799931
1194,2018,4.083561643835616,39.252561,-121.315669
1195,2018,2.858356164383561,36.360647,-119.059344
1196,2018,4.974712643678161,32.806183,-115.446258
1197,2018,5.069018404907975,34.942525,-119.6738
1198,2018,4.685989010989011,41.438214,-120.480308
1199,2018,4.633698630136985,41.958869,-121.472372
1200,2018,4.4412921348314605,37.231861,-120.880819
1201,2018,3.725,34.044311,-118.476886
1202,2018,2.884383561643836,38.526822,-122.813886
1203,2018,2.7495890410958905,36.997831,-121.996863
1204,2018,5.435164835164835,36.634028,-120.381811
1205,2018,2.402191780821917,34.437352,-119.737329
1206,2018,2.487945205479452,38.219503,-122.354964
1207,2018,2.988767123287672,36.943964,-121.763942
1208,2018,5.274520547945206,36.121275,-121.084455
1209,2018,6.039452054794521,36.347415,-121.291248
1210,2018,6.574246575342466,36.716806,-121.691889
1211,2018,5.753698630136986,34.475914,-117.263514
1212,2018,6.135342465753425,38.415564,-121.786911
1213,2018,3.946575342465753,36.890096,-120.731665
1214,2018,3.8063013698630144,35.20581,-118.778437
1215,2018,3.06082191780822,36.854875,-121.362693
1216,2018,3.9460273972602735,36.902778,-121.741931
1217,2018,3.188200589970501,38.649964,-121.218872
1218,2018,4.351923076923077,33.6628694444444,-114.558108333333
1219,2018,3.841095890410959,33.5236944444444,-116.15575
1220,2018,3.41041095890411,38.501258,-121.978528
1221,2018,6.3191780821917805,38.121739,-121.674455
1222,2018,3.7849315068493152,36.721083,-119.389028
1223,2018,4.45013698630137,36.822926,-121.467934
1224,2018,3.5517808219178084,38.266428,-122.616464
1225,2018,3.378484848484848,35.505833,-119.691144
1226,2018,3.3802197802197806,32.628208,-116.939281
1227,2018,3.4057851239669428,37.314139,-120.3867
1228,2018,3.331506849315069,32.885847,-117.143142
1229,2018,4.846153846153846,33.532222,-114.633889
1230,2018,3.398904109589041,34.219386,-118.992439
1231,2018,4.148219178082192,33.081050000000005,-116.975697222222
1232,2018,2.144931506849315,38.599158,-121.540406
1233,2018,3.5232876712328767,37.995478,-122.467656
1234,2018,2.5084931506849317,38.419439,-122.658719
1235,2018,2.9668493150684934,34.146372,-117.985797
1236,2018,4.534794520547945,35.335267,-120.735652
1237,2018,2.779384615384615,35.472556,-120.648142
1238,2018,4.2061624649859946,34.841878,-120.212736
1239,2018,3.069806094182826,36.082272,-119.093178
1240,2018,3.554972375690608,38.015372,-122.020278
1241,2018,2.802506963788301,37.598758,-122.053233
1242,2018,4.631316725978648,32.901867,-117.250458
1243,2018,2.826301369863013,33.79869722222222,-118.094791666667
1244,2018,4.997674418604652,33.38307,-114.719385
1245,2018,3.8408219178082192,37.837614,-122.140739
1246,2018,5.213609467455622,33.663325,-117.093383333333
1247,2018,5.0161643835616445,33.080733,-115.6857
1248,2018,2.918356164383561,35.833059,-119.255846
1249,2018,7.712054794520548,36.488468,-117.919428
1250,2018,3.641566265060241,32.72948,-117.139488
1251,2018,4.816712328767123,38.090933,-122.526703
1252,2018,6.911780821917809,36.358628,-117.943869
1253,2018,4.182739726027397,36.382028,-120.22985
1254,2018,3.524657534246576,37.663969,-121.885033
1255,2018,4.67013698630137,34.25598,-117.218463
1256,2018,5.826849315068493,36.63324,-121.934847
1257,2018,4.923287671232877,37.720739,-120.852101
1258,2018,3.2007874015748032,38.887603,-121.102908
1259,2018,6.897260273972603,34.614981,-118.032492
1260,2018,3.735890410958904,34.324639,-119.104875
1261,2018,3.0846575342465754,34.237645,-116.865853
1262,2018,4.738082191780822,33.7485861111111,-116.252902777778
1263,2018,2.846892655367232,35.028281,-120.560033
1264,2018,5.260273972602739,34.426361111111106,-118.517583333333
1265,2018,4.789560439560439,36.175833,-120.36027
1266,2018,4.723287671232876,37.54586944444444,-120.754530555556
1267,2018,2.947941176470588,33.26844722222222,-116.36505
1268,2018,3.7608333333333337,33.678151,-116.272921
1269,2018,4.862739726027398,36.913166,-121.823497
1270,2018,3.088493150684932,36.540942,-121.882096
1271,2018,4.947123287671232,37.015026,-121.537043
1272,2018,7.11404958677686,38.277972,-121.740989
1273,2018,4.102739726027397,37.931547,-122.302714
1274,2018,4.295342465753425,36.625626,-121.537887
1275,2018,4.249041095890411,34.291331,-118.570044
1276,2018,3.66986301369863,34.25615,-118.382905
1277,2018,3.7945205479452055,34.269031,-118.849319
1278,2018,5.403561643835617,33.595736,-116.158761
1279,2018,2.644383561643836,34.214197,-118.644769
1280,2018,4.252602739726027,34.59231,-118.127464
1281,2018,5.169315068493151,34.513611,-115.510556
1282,2018,5.343561643835617,40.028778,-122.15575
1283,2018,2.4119402985074627,34.142911,-118.36632
1284,2018,3.452908587257617,40.625499,-122.310887
1285,2018,3.539178082191781,41.577778,-122.838125
1286,2018,4.991780821917808,38.672722,-121.811722
1287,2018,3.2156164383561645,38.508333,-120.79972
1288,2018,3.636158192090396,38.63611111111111,-120.793055555556
1289,2018,3.274520547945205,36.570101,-121.786499
1290,2018,6.125753424657535,34.672222,-120.513056
1291,2018,3.187945205479452,34.913472,-120.464778
1292,2018,4.269315068493151,34.138104,-116.213508
1293,2018,7.960330578512396,34.883472,-116.810247
1294,2018,4.432876712328767,38.79794444444444,-121.61136111111111
1295,2018,4.496438356164383,41.802476,-121.996159
1296,2018,4.688186813186813,33.55281,-117.043302
1297,2018,4.598630136986301,33.664747,-116.955121
1298,2018,4.103932584269663,33.756308,-117.197142
1299,2018,4.132602739726027,33.462405,-117.586497
1300,2018,4.987397260273973,38.192386,-121.510339
1301,2018,5.690659340659341,38.249622,-121.555528
1302,2018,4.036164383561643,39.386632,-121.835263
1303,2018,3.369315068493151,33.621667,-117.585278
1304,2018,6.826027397260274,38.773409,-119.79193
1305,2018,6.914520547945204,38.033386,-121.701247
1306,2018,4.761369863013699,37.93218,-121.397461
1307,2018,4.764109589041096,37.755597,-121.266153
1308,2018,5.023835616438356,39.210667,-122.168889
1309,2018,3.8128767123287672,34.112042,-117.1857
1310,2018,7.1438356164383565,36.456728,-121.344388
1311,2018,3.905479452054794,37.255333,-122.3708
1312,2018,5.731561461794019,37.718167,-122.197111
1313,2018,4.654515050167224,33.98535,-117.656528
1314,2018,5.918867924528303,34.759475,-117.991997
1315,2018,3.8373493975903608,35.659128,-117.636925
1316,2019,5.325479452054795,36.336222,-120.112906
1317,2019,4.3342465753424655,35.532695,-119.281862
1318,2019,5.636986301369863,38.535794,-121.776385
1319,2019,3.4575342465753423,36.851248,-120.59098
1320,2019,3.0564383561643838,39.608639,-121.824431
1321,2019,5.432602739726027,38.752307,-120.73387
1322,2019,5.026575342465753,36.158138,-119.851408
1323,2019,3.2843835616438355,37.358606,-118.405471
1324,2019,3.7454794520547945,36.597481,-119.50412
1325,2019,4.373698630136986,33.043151,-115.415835
1326,2019,4.727671232876712,41.063767,-121.456019
1327,2019,3.8967123287671233,33.96494166666667,-117.336983333333
1328,2019,5.568767123287671,37.928154,-121.65973
1329,2019,3.252602739726028,35.305442,-120.661783
1330,2019,5.543561643835616,35.649861,-119.9593
1331,2019,5.899726027397261,37.09745,-120.754227
1332,2019,4.9,40.289799,-120.433948
1333,2019,3.4156164383561647,33.48665,-117.228269
1334,2019,3.946575342465753,34.583144,-120.079239
1335,2019,5.39972602739726,32.759575,-115.732067
1336,2019,4.362739726027398,37.834822,-121.223194
1337,2019,4.669041095890411,37.645222,-121.187764
1338,2019,3.691506849315069,33.688449999999996,-117.721177777778
1339,2019,3.813424657534247,38.428475,-122.410206
1340,2019,3.552602739726028,34.05658888888889,-117.813069444444
1341,2019,4.3909589041095884,36.820833,-119.742308
1342,2019,3.901369863013699,38.40355,-122.799931
1343,2019,4.46986301369863,39.252561,-121.315669
1344,2019,2.9019178082191783,36.360647,-119.059344
1345,2019,5.669298245614035,32.806183,-115.446258
1346,2019,5.091232876712329,34.942525,-119.6738
1347,2019,4.940821917808219,41.438214,-120.480308
1348,2019,4.894520547945206,41.958869,-121.472372
1349,2019,4.6506849315068495,37.231861,-120.880819
1350,2019,3.7464088397790056,34.044311,-118.476886
1351,2019,2.905479452054794,38.526822,-122.813886
1352,2019,2.7882191780821914,36.997831,-121.996863
1353,2019,5.687215909090909,36.634028,-120.381811
1354,2019,3.687007874015748,38.982737,-123.088704
1355,2019,2.8312328767123285,34.437352,-119.737329
1356,2019,3.2203389830508478,38.219503,-122.354964
1357,2019,3.748493150684932,36.943964,-121.763942
1358,2019,5.4580821917808215,36.121275,-121.084455
1359,2019,5.81890410958904,36.347415,-121.291248
1360,2019,6.460164835164835,36.716806,-121.691889
1361,2019,6.022191780821919,34.475914,-117.263514
1362,2019,6.46904109589041,38.415564,-121.786911
1363,2019,4.635064935064935,36.890096,-120.731665
1364,2019,3.935654596100279,35.20581,-118.778437
1365,2019,3.034831460674157,36.854875,-121.362693
1366,2019,4.067397260273973,36.902778,-121.741931
1367,2019,3.36109589041096,38.649964,-121.218872
1368,2019,5.08,33.6628694444444,-114.558108333333
1369,2019,4.226397515527951,33.5236944444444,-116.15575
1370,2019,3.737534246575344,38.501258,-121.978528
1371,2019,6.819999999999999,38.121739,-121.674455
1372,2019,3.937260273972603,36.721083,-119.389028
1373,2019,4.321643835616438,36.822926,-121.467934
1374,2019,3.73972602739726,38.266428,-122.616464
1375,2019,2.376315789473684,35.505833,-119.691144
1376,2019,4.075342465753424,32.628208,-116.939281
1377,2019,3.244109589041096,37.314139,-120.3867
1378,2019,2.6454794520547944,32.885847,-117.143142
1379,2019,5.134520547945206,33.532222,-114.633889
1380,2019,3.757260273972603,34.219386,-118.992439
1381,2019,4.215068493150685,33.081050000000005,-116.975697222222
1382,2019,-47.64972067039107,38.599158,-121.540406
1383,2019,3.912602739726028,37.995478,-122.467656
1384,2019,2.5972602739726027,38.419439,-122.658719
1385,2019,3.269662921348315,34.146372,-117.985797
1386,2019,4.557534246575343,35.335267,-120.735652
1387,2019,2.808493150684931,35.472556,-120.648142
1388,2019,4.213424657534246,34.841878,-120.212736
1389,2019,3.1159779614325065,36.082272,-119.093178
1390,2019,3.4156069364161854,38.015372,-122.020278
1391,2019,2.64,37.598758,-122.053233
1392,2019,4.048598130841121,32.901867,-117.250458
1393,2019,2.507692307692308,33.79869722222222,-118.094791666667
1394,2019,5.059649122807018,33.38307,-114.719385
1395,2019,4.0320547945205485,37.837614,-122.140739
1396,2019,4.625753424657535,33.663325,-117.093383333333
1397,2019,5.704591836734694,33.080733,-115.6857
1398,2019,3.0491573033707864,35.833059,-119.255846
1399,2019,7.983013698630137,36.488468,-117.919428
1400,2019,3.4791780821917806,32.72948,-117.139488
1401,2019,5.037808219178082,38.090933,-122.526703
1402,2019,7.087327823691459,36.358628,-117.943869
1403,2019,3.6701369863013698,37.663969,-121.885033
1404,2019,4.718356164383562,34.25598,-117.218463
1405,2019,5.967123287671233,36.63324,-121.934847
1406,2019,4.789772727272728,37.720739,-120.852101
1407,2019,3.3558904109589043,38.887603,-121.102908
1408,2019,6.775068493150685,34.614981,-118.032492
1409,2019,3.840935672514621,34.324639,-119.104875
1410,2019,3.2953424657534245,34.237645,-116.865853
1411,2019,4.821917808219178,33.7485861111111,-116.252902777778
1412,2019,3.244931506849315,35.028281,-120.560033
1413,2019,5.126301369863014,34.426361111111106,-118.517583333333
1414,2019,5.2760989010989015,36.175833,-120.36027
1415,2019,4.88,37.54586944444444,-120.754530555556
1416,2019,1.864814814814815,33.26844722222222,-116.36505
1417,2019,3.9546875,33.678151,-116.272921
1418,2019,5.187945205479452,36.913166,-121.823497
1419,2019,3.521917808219178,36.540942,-121.882096
1420,2019,5.133333333333333,37.015026,-121.537043
1421,2019,6.625205479452054,38.277972,-121.740989
1422,2019,4.988219178082192,37.931547,-122.302714
1423,2019,3.9473972602739726,36.625626,-121.537887
1424,2019,3.8179487179487177,34.291331,-118.570044
1425,2019,3.907692307692308,34.25615,-118.382905
1426,2019,3.882465753424657,34.269031,-118.849319
1427,2019,5.758204334365326,33.595736,-116.158761
1428,2019,2.687545787545788,34.214197,-118.644769
1429,2019,4.196986301369863,34.59231,-118.127464
1430,2019,5.670764119601329,34.513611,-115.510556
1431,2019,5.646027397260273,40.028778,-122.15575
1432,2019,2.51025641025641,34.142911,-118.36632
1433,2019,3.6106849315068494,40.625499,-122.310887
1434,2019,3.808219178082192,41.577778,-122.838125
1435,2019,4.559178082191781,38.672722,-121.811722
1436,2019,3.3871232876712334,38.508333,-120.79972
1437,2019,4.130939226519336,38.63611111111111,-120.793055555556
1438,2019,2.9213698630136986,36.570101,-121.786499
1439,2019,6.34368131868132,34.672222,-120.513056
1440,2019,3.635890410958904,34.913472,-120.464778
1441,2019,4.228248587570621,34.138104,-116.213508
1442,2019,8.112602739726027,34.883472,-116.810247
1443,2019,4.449041095890411,38.79794444444444,-121.61136111111111
1444,2019,4.602521008403362,41.802476,-121.996159
1445,2019,4.85934065934066,33.55281,-117.043302
1446,2019,4.105753424657534,33.664747,-116.955121
1447,2019,4.203846153846153,33.756308,-117.197142
1448,2019,3.932054794520548,33.462405,-117.586497
1449,2019,5.256438356164384,38.192386,-121.510339
1450,2019,5.380821917808219,38.249622,-121.555528
1451,2019,4.28958904109589,39.386632,-121.835263
1452,2019,3.331780821917808,33.621667,-117.585278
1453,2019,7.556712328767123,38.773409,-119.79193
1454,2019,7.217260273972603,38.033386,-121.701247
1455,2019,5.023835616438356,37.93218,-121.397461
1456,2019,5.069589041095891,37.755597,-121.266153
1457,2019,5.662191780821917,39.210667,-122.168889
1458,2019,3.85972602739726,34.112042,-117.1857
1459,2019,7.524362606232295,36.456728,-121.344388
1460,2019,3.398630136986301,37.255333,-122.3708
1461,2019,5.714520547945205,37.718167,-122.197111
1462,2019,4.439178082191781,33.98535,-117.656528
1463,2019,6.733424657534246,34.759475,-117.991997
1464,2019,5.514860681114551,35.659128,-117.636925
1465,2019,3.1997260273972605,36.376917,-119.037972
1466,2019,5.211409395973154,40.604467,-124.243186
1467,2019,4.459223300970874,41.798331,-122.463425
1468,2019,3.976190476190476,41.533989,-122.532279
1469,2020,5.246264367816093,36.336222,-120.112906
1470,2020,4.016393442622951,35.532695,-119.281862
1471,2020,5.396174863387978,38.535794,-121.776385
1472,2020,3.171067415730337,36.851248,-120.59098
1473,2020,3.0890710382513658,39.608639,-121.824431
1474,2020,5.220218579234973,38.752307,-120.73387
1475,2020,4.782786885245901,36.158138,-119.851408
1476,2020,3.282513661202186,37.358606,-118.405471
1477,2020,3.476775956284153,36.597481,-119.50412
1478,2020,4.401912568306011,33.043151,-115.415835
1479,2020,4.775409836065574,41.063767,-121.456019
1480,2020,3.9366120218579232,33.96494166666667,-117.336983333333
1481,2020,5.270765027322404,37.928154,-121.65973
1482,2020,3.615573770491804,35.305442,-120.661783
1483,2020,5.140710382513661,35.649861,-119.9593
1484,2020,5.315573770491803,37.09745,-120.754227
1485,2020,5.143715846994534,40.289799,-120.433948
1486,2020,2.880327868852459,33.48665,-117.228269
1487,2020,3.2874316939890718,34.583144,-120.079239
1488,2020,4.948087431693989,32.759575,-115.732067
1489,2020,3.889890710382514,37.834822,-121.223194
1490,2020,4.560655737704918,37.645222,-121.187764
1491,2020,3.4773224043715847,33.688449999999996,-117.721177777778
1492,2020,3.6745901639344254,38.428475,-122.410206
1493,2020,3.377049180327869,34.05658888888889,-117.813069444444
1494,2020,4.044262295081968,36.820833,-119.742308
1495,2020,3.715573770491804,38.40355,-122.799931
1496,2020,4.051532033426184,39.252561,-121.315669
1497,2020,4.12012987012987,32.806183,-115.446258
1498,2020,5.021857923497268,34.942525,-119.6738
1499,2020,4.786338797814207,41.438214,-120.480308
1500,2020,4.636885245901639,41.958869,-121.472372
1501,2020,4.438524590163935,37.231861,-120.880819
1502,2020,3.5926229508196723,34.044311,-118.476886
1503,2020,2.7707650273224043,38.526822,-122.813886
1504,2020,2.67896174863388,36.997831,-121.996863
1505,2020,5.304802259887005,36.634028,-120.381811
1506,2020,3.513387978142077,38.982737,-123.088704
1507,2020,2.647814207650273,34.437352,-119.737329
1508,2020,2.9726775956284155,38.219503,-122.354964
1509,2020,3.0961424332344216,36.943964,-121.763942
1510,2020,5.108403361344537,36.121275,-121.084455
1511,2020,5.635519125683061,36.347415,-121.291248
1512,2020,5.90625,36.716806,-121.691889
1513,2020,5.696894409937888,34.475914,-117.263514
1514,2020,5.696448087431694,38.415564,-121.786911
1515,2020,4.280201342281879,36.890096,-120.731665
1516,2020,3.805737704918033,35.20581,-118.778437
1517,2020,2.9576502732240435,36.854875,-121.362693
1518,2020,3.814207650273224,36.902778,-121.741931
1519,2020,3.2368852459016395,38.649964,-121.218872
1520,2020,4.672131147540983,33.6628694444444,-114.558108333333
1521,2020,4.752732240437158,33.5236944444444,-116.15575
1522,2020,3.7259562841530056,38.501258,-121.978528
1523,2020,6.972677595628415,38.121739,-121.674455
1524,2020,3.7172602739726033,36.721083,-119.389028
1525,2020,4.077049180327869,36.822926,-121.467934
1526,2020,3.639617486338798,38.266428,-122.616464
1527,2020,3.147126436781609,35.505833,-119.691144
1528,2020,3.9666666666666655,32.628208,-116.939281
1529,2020,3.0204918032786887,37.314139,-120.3867
1530,2020,2.308469945355191,32.885847,-117.143142
1531,2020,4.687828947368421,33.532222,-114.633889
1532,2020,3.571584699453552,34.219386,-118.992439
1533,2020,3.998516320474777,33.081050000000005,-116.975697222222
1534,2020,2.375277777777778,38.599158,-121.540406
1535,2020,3.6890710382513663,37.995478,-122.467656
1536,2020,2.536065573770492,38.419439,-122.658719
1537,2020,3.166120218579235,34.146372,-117.985797
1538,2020,4.380054644808743,35.335267,-120.735652
1539,2020,2.698360655737705,35.472556,-120.648142
1540,2020,4.040983606557377,34.841878,-120.212736
1541,2020,3.02189349112426,36.082272,-119.093178
1542,2020,3.3075418994413406,38.015372,-122.020278
1543,2020,2.8642076502732245,37.598758,-122.053233
1544,2020,4.116620498614959,32.901867,-117.250458
1545,2020,2.81775956284153,33.79869722222222,-118.094791666667
1546,2020,4.964835164835165,33.38307,-114.719385
1547,2020,4.00933734939759,37.837614,-122.140739
1548,2020,4.831967213114754,33.663325,-117.093383333333
1549,2020,2.338486842105264,33.080733,-115.6857
1550,2020,3.0319672131147537,35.833059,-119.255846
1551,2020,7.526229508196721,36.488468,-117.919428
1552,2020,3.493659942363112,32.72948,-117.139488
1553,2020,4.593715846994536,38.090933,-122.526703
1554,2020,6.279670329670329,36.358628,-117.943869
1555,2020,3.4142076502732244,37.663969,-121.885033
1556,2020,4.581179775280899,34.25598,-117.218463
1557,2020,3.0051912568306007,36.63324,-121.934847
1558,2020,4.338567493112948,37.720739,-120.852101
1559,2020,3.2038251366120223,38.887603,-121.102908
1560,2020,6.864754098360656,34.614981,-118.032492
1561,2020,3.646518105849582,34.324639,-119.104875
1562,2020,2.989071038251366,34.237645,-116.865853
1563,2020,4.704644808743169,33.7485861111111,-116.252902777778
1564,2020,2.0327868852459017,35.028281,-120.560033
1565,2020,5.126502732240437,34.426361111111106,-118.517583333333
1566,2020,5.350273224043716,36.175833,-120.36027
1567,2020,4.565573770491803,37.54586944444444,-120.754530555556
1568,2020,1.874061433447099,33.26844722222222,-116.36505
1569,2020,3.71865889212828,33.678151,-116.272921
1570,2020,4.069672131147541,36.913166,-121.823497
1571,2020,3.2374316939890715,36.540942,-121.882096
1572,2020,4.812568306010929,37.015026,-121.537043
1573,2020,6.911748633879781,38.277972,-121.740989
1574,2020,4.799450549450549,37.931547,-122.302714
1575,2020,7.275274725274725,36.625626,-121.537887
1576,2020,4.7494505494505495,34.291331,-118.570044
1577,2020,3.536363636363636,34.25615,-118.382905
1578,2020,3.6580174927113696,34.269031,-118.849319
1579,2020,5.403076923076923,33.595736,-116.158761
1580,2020,2.303021978021978,34.214197,-118.644769
1581,2020,4.064462809917355,34.59231,-118.127464
1582,2020,5.095357142857142,34.513611,-115.510556
1583,2020,5.507142857142857,40.028778,-122.15575
1584,2020,2.3722527472527477,34.142911,-118.36632
1585,2020,3.493406593406593,40.625499,-122.310887
1586,2020,3.698901098901099,41.577778,-122.838125
1587,2020,4.758241758241758,38.672722,-121.811722
1588,2020,3.060784313725491,38.508333,-120.79972
1589,2020,3.7510989010989007,38.63611111111111,-120.793055555556
1590,2020,3.236538461538461,36.570101,-121.786499
1591,2020,5.909890109890109,34.672222,-120.513056
1592,2020,3.4645604395604392,34.913472,-120.464778
1593,2020,4.081877022653721,34.138104,-116.213508
1594,2020,8.389189189189189,34.883472,-116.810247
1595,2020,4.359615384615385,38.79794444444444,-121.61136111111111
1596,2020,4.7846153846153845,41.802476,-121.996159
1597,2020,4.827472527472527,33.55281,-117.043302
1598,2020,3.2364431486880463,33.664747,-116.955121
1599,2020,3.243859649122807,33.756308,-117.197142
1600,2020,3.786813186813186,33.462405,-117.586497
1601,2020,4.73543956043956,38.192386,-121.510339
1602,2020,5.345879120879121,38.249622,-121.555528
1603,2020,4.146428571428572,39.386632,-121.835263
1604,2020,3.4104395604395608,33.621667,-117.585278
1605,2020,7.337037037037038,38.773409,-119.79193
1606,2020,6.649450549450548,38.033386,-121.701247
1607,2020,4.867857142857143,37.93218,-121.397461
1608,2020,4.433241758241758,37.755597,-121.266153
1609,2020,5.498853868194842,39.210667,-122.168889
1610,2020,3.801373626373626,34.112042,-117.1857
1611,2020,3.553021978021978,36.456728,-121.344388
1612,2020,3.6917582417582415,37.255333,-122.3708
1613,2020,5.200549450549451,37.718167,-122.197111
1614,2020,4.992825112107624,33.98535,-117.656528
1615,2020,6.437912087912088,34.759475,-117.991997
1616,2020,4.712912087912088,35.659128,-117.636925
1617,2020,3.1607142857142856,36.376917,-119.037972
1618,2020,5.318131868131869,40.604467,-124.243186
1619,2020,3.95340909090909,41.798331,-122.463425
1620,2020,4.1098901098901095,41.533989,-122.532279
