,wind_mph,lat,lon
0,24.39,41.93095,-122.510081
1,23.80,41.754853,-122.365534
2,23.41,41.928894,-121.906809
3,23.08,41.756147,-122.659466
4,22.99,39.736308,-122.259338
6,22.89,39.491654,-122.26208
7,22.88,41.727044,-121.907369
8,22.86,41.487278,-120.912416
9,22.72,39.923446,-122.270806
10,22.53,41.6071,-122.545715
11,22.47,38.889651,-123.337821
12,22.44,41.238956,-121.03925
13,22.30,41.452711,-120.53846
14,22.09,41.135964,-120.840063
15,22.03,39.94026,-122.4892
16,22.02,39.884652,-122.586513
17,21.96,41.767323,-121.440546
18,21.92,41.118402,-121.207564
19,21.86,41.770116,-120.431104
20,21.83,40.021716,-122.127821
21,21.82,39.571982,-122.580827
22,21.78,39.722512,-122.004433
24,21.63,41.258361,-120.372343
25,21.63,41.05604,-121.020802
26,21.59,39.96332,-122.017242
27,21.58,40.045637,-122.184859
28,21.56,41.506276,-120.143106
29,21.54,41.89888,-122.888552
30,21.53,39.875599,-121.536315
31,21.47,41.006417,-121.480741
32,21.43,41.028176,-121.308316
33,21.43,41.314337,-122.380798
34,21.41,40.973657,-121.692399
35,21.39,41.209942,-122.307935
36,21.37,41.456579,-122.469367
37,21.36,40.894269,-121.50702
38,21.31,39.584807,-122.032297
40,21.18,39.884654,-121.586789
41,21.17,38.313448,-121.123886
42,21.15,39.891624,-121.841982
43,21.12,41.428284,-122.609441
44,21.10,40.103236,-122.074735
45,21.06,40.01945,-121.566635
46,21.04,39.015251,-123.370756
47,21.04,38.325248,-120.955787
49,21.01,41.70183,-120.134337
50,21.01,41.268682,-121.93094
51,20.94,40.338068,-121.47907
52,20.82,39.716846,-121.64618
53,20.77,38.399281,-121.210116
54,20.75,39.665539,-121.351955
55,20.72,41.609516,-122.963525
57,20.71,39.745628,-121.843834
58,20.69,39.593945,-121.581363
59,20.68,39.604713,-121.795288
60,20.65,38.436774,-120.857624
64,20.64,41.858844,-120.104998
65,20.59,38.19262,-120.95782
66,20.57,38.210353,-121.051256
67,20.55,36.597809,-116.827404
68,20.54,38.713421,-123.349777
69,20.53,39.68571,-121.844084
70,20.52,38.482619,-120.899472
71,20.50,41.544675,-122.934665
72,20.49,40.793535,-121.438607
73,20.48,39.294516,-122.201715
74,20.44,40.87908,-121.893264
75,20.44,39.398424,-122.060946
76,20.42,40.040955,-121.122652
77,20.42,40.39796,-121.298528
78,20.41,40.343242,-121.852205
79,20.39,38.161879,-121.149837
80,20.38,41.051216,-121.984492
81,20.37,38.274451,-121.259201
82,20.37,39.838288,-121.134235
83,20.35,40.006256,-121.158894
84,20.34,40.421637,-121.833052
85,20.33,41.022721,-120.523987
86,20.27,39.480221,-121.838454
87,20.24,40.370467,-121.606306
88,20.24,41.299883,-120.078511
89,20.24,38.426699,-120.825717
90,20.22,38.511992,-121.096261
91,20.19,41.740719,-123.077404
92,20.12,41.076875,-122.253652
93,20.09,38.501363,-123.170879
94,20.07,39.449794,-121.936372
95,20.03,38.228948,-120.856627
96,20.02,38.490508,-121.284171
97,20.02,34.912426,-115.342092
98,19.96,38.434483,-120.761659
99,19.92,40.663854,-121.46106
100,19.87,39.409686,-121.756653
101,19.87,38.83252,-123.472532
102,19.87,38.149816,-120.84667
103,19.85,38.193762,-120.875928
104,19.82,34.541483,-115.644609
105,19.82,38.815548,-121.280172
106,19.81,40.844643,-121.969849
107,19.79,38.200231,-121.235034
108,19.77,40.133728,-121.092693
109,19.76,36.007706,-116.178478
111,19.73,40.685336,-122.016069
112,19.72,38.489544,-121.323454
113,19.71,38.488809,-121.395843
114,19.70,38.791075,-121.234854
115,19.70,40.51087,-121.876112
116,19.69,38.722374,-120.978633
117,19.69,33.762149,-115.4661
118,19.68,34.141358,-115.621168
119,19.67,38.343033,-120.760921
120,19.64,34.112956,-114.633391
121,19.60,38.556129,-121.324257
122,19.60,38.855811,-121.182313
123,19.59,38.747526,-121.180092
124,19.58,38.5447,-120.7405
125,19.58,38.549228,-121.278598
126,19.51,38.78207,-121.373155
127,19.49,38.809175,-121.171375
128,19.48,38.612129,-120.964522
129,19.48,39.824803,-123.179609
130,19.44,40.654093,-121.822848
131,19.44,38.881183,-121.169014
132,19.44,39.940063,-120.891328
133,19.43,40.060074,-120.907922
135,19.40,36.20506,-121.010363
137,19.38,38.427507,-121.314899
138,19.31,39.435211,-121.551925
139,19.30,39.266469,-121.978604
140,19.29,39.339264,-121.770785
142,19.28,38.516474,-120.688517
143,19.27,38.474099,-121.443454
144,19.27,40.270731,-121.039461
146,19.26,39.105127,-122.283003
147,19.24,41.399483,-123.068855
148,19.22,40.18189,-122.377104
149,19.21,38.628217,-123.160834
150,19.21,38.543754,-121.377692
151,19.20,38.685087,-121.063769
152,19.19,35.848621,-120.938911
153,19.19,35.900961,-116.186357
154,19.18,39.548599,-121.192105
155,19.16,38.603602,-120.85703
156,19.15,38.02973,-121.02389
157,19.15,40.580119,-122.041403
158,19.15,38.76407,-121.287523
159,19.10,38.715463,-121.363422
160,19.08,38.741074,-121.247693
161,19.07,38.40065,-120.648462
162,19.04,35.989792,-121.055933
163,19.04,38.80129,-121.037936
166,19.00,38.517585,-121.440739
167,19.00,40.704869,-122.120038
168,18.99,38.62415,-121.324911
169,18.98,40.914751,-120.402175
171,18.94,38.584047,-121.375846
172,18.94,34.163216,-114.319121
173,18.94,40.183681,-123.745046
174,18.93,39.47536,-121.41411
175,18.93,40.9332,-122.382788
176,18.90,36.133362,-120.928512
177,18.89,38.534879,-121.444372
178,18.88,38.922812,-121.312005
179,18.87,35.889811,-120.06859
181,18.85,39.259022,-121.776826
182,18.85,39.679398,-120.998619
183,18.82,39.302035,-122.51116
184,18.82,38.478832,-120.611993
185,18.81,35.332155,-116.038586
186,18.81,38.524077,-122.968774
187,18.81,38.652065,-121.25441
188,18.81,38.427813,-121.444696
189,18.80,38.000494,-120.898152
190,18.80,39.516314,-121.250935
191,18.77,38.550547,-121.456373
192,18.77,38.569828,-121.440067
193,18.76,38.189115,-120.638708
194,18.75,38.995557,-121.353545
195,18.74,40.174567,-120.819768
196,18.72,38.689174,-121.218435
197,18.72,36.085423,-120.818522
198,18.71,38.11649,-122.930351
199,18.69,38.577783,-121.201788
200,18.68,38.512787,-121.493618
201,18.68,38.694908,-121.271772
202,18.67,38.662983,-121.401113
203,18.66,34.273755,-114.196525
204,18.64,40.294713,-123.653473
205,18.62,38.44705,-121.496114
207,18.61,38.571577,-121.466465
208,18.60,38.695704,-121.308303
209,18.59,38.421934,-123.063911
210,18.59,38.625693,-121.384916
211,18.59,38.954159,-121.48187
212,18.58,39.046931,-121.403091
213,18.57,38.666597,-121.141635
215,18.57,38.299257,-120.626707
216,18.57,38.604268,-121.280327
217,18.55,35.886767,-120.608661
219,18.52,40.202543,-123.228609
220,18.52,40.164393,-120.380042
221,18.51,38.355338,-120.594018
223,18.50,35.118772,-118.493811
224,18.50,38.17857,-122.88319
225,18.50,38.493966,-121.529188
226,18.50,38.114388,-121.144658
227,18.49,38.58323,-121.478101
228,18.48,38.743039,-123.476418
229,18.48,38.461425,-123.047186
230,18.47,38.686809,-121.349146
231,18.47,38.527164,-123.007892
232,18.45,34.894366,-114.640335
234,18.44,38.591897,-121.408467
235,18.42,37.891866,-118.554569
309,18.42,35.221906,-118.582566
311,18.41,38.580568,-121.49559
312,18.41,38.442011,-122.23832
313,18.40,38.138539,-120.452903
314,18.39,35.112617,-118.832292
315,18.37,40.551757,-120.675673
316,18.37,39.48834,-121.066908
318,18.36,38.554487,-121.497058
319,18.35,38.227003,-120.514561
320,18.35,38.678545,-121.379969
321,18.35,36.525703,-120.952122
322,18.35,40.141856,-123.681921
323,18.31,40.055796,-123.969269
324,18.30,38.605407,-121.447593
325,18.29,38.689241,-121.459014
326,18.27,41.326646,-122.773654
327,18.25,36.04719,-119.990217
328,18.25,40.296745,-120.499838
329,18.25,37.492115,-118.390408
330,18.23,38.66037,-121.347394
331,18.20,40.077912,-120.707315
332,18.20,38.409878,-122.361511
333,18.19,35.16319,-119.046322
334,18.19,39.449004,-121.330521
335,18.18,39.172726,-121.805819
336,18.18,38.994187,-121.594591
337,18.17,40.751937,-122.230678
338,18.14,39.484108,-121.192649
339,18.13,38.474137,-123.024203
340,18.11,38.619049,-121.517552
341,18.11,35.34042,-115.426224
342,18.11,38.645723,-121.445254
343,18.09,39.040305,-121.560484
344,18.07,38.884891,-121.778654
345,18.04,38.918887,-123.605684
346,18.03,38.733145,-121.468174
348,18.01,40.168801,-123.826148
349,17.98,40.728194,-120.39628
350,17.98,38.344888,-121.431231
351,17.97,38.161669,-120.368144
352,17.97,39.72093,-123.300262
353,17.96,38.542448,-122.419923
354,17.95,38.833555,-121.498099
355,17.93,38.99003,-121.114408
358,17.90,38.462142,-123.018384
359,17.89,38.458864,-122.428831
360,17.89,35.24512,-118.9411
361,17.88,38.231547,-122.928226
362,17.85,38.896313,-122.365365
363,17.84,34.712216,-120.230146
364,17.81,34.782699,-116.190564
366,17.79,35.339702,-119.023451
367,17.79,38.425523,-122.53521
368,17.78,38.823058,-123.063891
369,17.78,34.610436,-120.219523
370,17.76,41.92416,-123.260782
371,17.75,40.533462,-120.235356
372,17.74,39.432882,-121.261143
374,17.74,40.603066,-122.186657
375,17.72,39.301229,-121.337929
376,17.71,35.192404,-119.175866
377,17.69,37.90723,-120.688307
378,17.69,38.915869,-121.080284
379,17.67,38.936137,-123.119445
380,17.66,34.595669,-120.352667
381,17.65,38.680605,-120.814261
382,17.62,38.81782,-120.929272
383,17.62,39.223939,-121.49405
384,17.62,39.106099,-121.36818
385,17.61,40.358768,-120.408154
386,17.60,40.123177,-123.446279
387,17.55,38.072109,-120.631346
388,17.55,37.548799,-118.839818
389,17.55,36.197785,-120.422249
390,17.55,38.173556,-121.312247
391,17.53,40.080405,-123.783948
392,17.53,36.038868,-121.244009
393,17.51,38.84223,-121.572164
398,17.48,38.886238,-120.979699
399,17.48,33.255655,-119.503588
400,17.46,39.009801,-121.034707
401,17.45,38.078402,-120.443443
402,17.43,39.403217,-121.034486
403,17.43,39.805588,-120.665978
404,17.42,38.593521,-121.539867
405,17.42,39.016702,-122.062143
406,17.42,35.389749,-118.985186
407,17.42,38.706906,-122.393997
409,17.40,38.085839,-120.37855
410,17.40,38.371538,-122.487307
411,17.40,40.676564,-122.380909
422,17.39,38.348343,-122.517056
424,17.36,38.503685,-122.754057
425,17.36,37.825598,-121.005157
426,17.35,38.38903,-121.500428
429,17.34,38.493179,-122.777546
430,17.34,37.762766,-121.125277
431,17.33,39.344757,-121.264517
432,17.31,39.043447,-121.918099
433,17.30,35.384336,-119.020562
434,17.30,38.549422,-122.476382
435,17.29,40.458029,-122.27783
437,17.26,38.408571,-122.022775
438,17.26,35.403611,-118.756525
440,17.24,39.176595,-121.291692
441,17.24,39.09923,-121.138848
444,17.22,38.528079,-122.821349
446,17.19,35.254701,-118.912678
447,17.19,35.342891,-119.064803
449,17.17,38.437114,-122.665993
451,17.16,39.082497,-121.680114
452,17.16,39.736644,-120.543744
453,17.16,37.750502,-121.749055
455,17.15,38.592309,-120.584657
456,17.15,39.379346,-121.19231
457,17.15,35.385111,-118.491168
458,17.15,38.318624,-121.554752
459,17.14,40.601778,-122.454973
460,17.13,37.988074,-119.114386
461,17.12,38.635653,-121.518416
462,17.12,40.527834,-122.318749
463,17.12,40.336387,-122.448511
464,17.09,39.495266,-120.943811
466,17.08,38.25242,-122.962717
467,17.08,37.648104,-121.849965
468,17.07,38.734925,-120.789952
469,17.07,40.523099,-124.326421
470,17.07,39.135023,-123.259338
471,17.06,37.792682,-121.86059
472,17.06,38.317709,-120.461112
473,17.06,41.687905,-123.483269
474,17.06,39.825228,-120.477053
475,17.06,38.449137,-122.793752
476,17.06,36.191268,-120.090097
478,17.05,40.142933,-120.159007
480,17.02,33.736458,-114.687973
481,17.02,38.344946,-122.948799
482,17.02,38.234553,-122.760385
483,17.01,38.384706,-121.578722
484,17.00,38.045857,-122.861209
485,17.00,38.910748,-120.908621
486,17.00,38.568866,-122.079781
487,16.99,38.049939,-121.23297
488,16.99,35.299176,-119.358368
489,16.97,36.588003,-121.398912
490,16.96,38.249428,-122.466627
491,16.95,33.292095,-115.844166
492,16.94,38.339402,-123.034599
493,16.93,37.815507,-119.095647
494,16.92,34.624395,-120.137875
495,16.91,35.621706,-119.887939
496,16.91,40.781633,-122.584149
497,16.91,37.845601,-121.950612
498,16.90,35.468183,-118.779649
499,16.90,37.809677,-121.913141
500,16.89,40.019715,-120.099183
501,16.89,38.985882,-120.978665
502,16.88,37.984549,-120.349264
503,16.88,38.840217,-120.829757
504,16.88,38.750132,-120.675412
505,16.88,40.471076,-122.660955
506,16.87,39.491126,-120.817232
507,16.86,38.525733,-122.690443
508,16.86,38.576618,-122.444388
509,16.85,35.652911,-120.266428
511,16.84,38.244839,-122.135861
512,16.84,38.468829,-122.580724
513,16.84,38.731694,-122.906767
516,16.82,33.294274,-115.296227
517,16.81,40.296412,-123.777178
518,16.79,41.77186,-123.327375
520,16.78,39.007213,-122.86951
521,16.77,38.670649,-121.525983
522,16.77,38.379703,-120.448
523,16.77,39.060921,-121.827155
524,16.76,35.393478,-119.12046
525,16.76,34.866894,-118.339832
526,16.76,37.673944,-121.517227
528,16.73,38.419902,-120.474458
529,16.71,41.034706,-122.791321
530,16.70,37.290563,-119.548406
531,16.69,38.358121,-121.911547
532,16.67,36.52587,-121.396735
533,16.66,39.605383,-120.811013
534,16.66,40.345753,-120.081154
535,16.64,38.137068,-121.384546
536,16.61,38.622985,-122.889121
537,16.61,38.693765,-121.598941
538,16.60,38.936904,-120.772283
539,16.59,38.231324,-120.322688
540,16.58,37.762174,-121.915788
541,16.58,36.389618,-121.343146
543,16.58,37.890217,-121.878354
544,16.58,35.067111,-118.184941
545,16.57,38.621278,-120.383217
546,16.56,33.172881,-115.553769
547,16.56,37.826372,-121.622546
549,16.54,37.715245,-121.9147
551,16.52,38.627951,-121.593287
552,16.52,38.834145,-122.236936
553,16.52,37.718023,-121.032714
554,16.52,37.182359,-119.64145
555,16.52,40.391542,-122.937883
556,16.51,39.602711,-120.63615
557,16.50,39.064446,-122.626701
558,16.50,38.046863,-121.352802
559,16.50,34.966867,-119.810433
560,16.50,36.492478,-120.355526
561,16.50,37.768218,-121.609509
562,16.49,38.287346,-122.968556
563,16.47,38.634822,-122.615051
564,16.47,38.333133,-121.920151
565,16.45,38.245724,-122.313405
566,16.44,37.61074,-121.24733
568,16.44,39.390917,-123.052841
569,16.44,38.973012,-122.623922
570,16.42,40.244215,-123.888871
571,16.42,37.830267,-121.20102
572,16.42,37.588918,-120.855236
573,16.41,39.78927,-120.357278
575,16.41,39.045931,-122.941077
576,16.40,37.949421,-121.157283
577,16.40,41.186066,-123.181796
578,16.39,39.224354,-121.151625
579,16.39,37.729282,-120.942905
580,16.39,37.672906,-120.946594
581,16.38,36.450225,-119.934478
582,16.38,37.672536,-120.887136
583,16.38,36.779046,-121.142439
584,16.38,39.215586,-121.20324
585,16.38,37.453514,-122.204756
587,16.37,38.97664,-123.604802
588,16.37,37.72272,-122.021552
590,16.37,39.641871,-120.445265
591,16.37,39.96327,-123.775737
592,16.36,34.229973,-116.055053
593,16.36,38.885244,-121.999039
594,16.36,37.743039,-121.23838
595,16.36,38.280745,-122.00638
597,16.35,35.393866,-119.244846
599,16.34,38.543211,-121.6815
602,16.34,37.63929,-120.903049
604,16.34,34.74739,-118.369249
605,16.34,37.787236,-120.759202
606,16.34,37.713269,-121.085404
607,16.33,32.990121,-115.358757
608,16.33,37.393471,-119.741037
609,16.32,37.808915,-121.312639
610,16.32,36.378434,-120.116591
611,16.32,37.57459,-121.853708
612,16.32,32.881449,-115.675459
613,16.32,38.882973,-122.53272
614,16.32,34.604105,-118.239213
615,16.32,37.639029,-120.964772
616,16.32,40.619998,-122.643642
617,16.31,38.800349,-120.503871
618,16.30,37.114335,-122.237162
619,16.30,39.347811,-120.918728
620,16.30,38.523861,-120.376629
621,16.30,39.038809,-120.97753
622,16.30,35.621087,-118.789677
623,16.30,38.698614,-121.699262
624,16.29,33.051757,-115.608752
625,16.29,38.486817,-122.90562
626,16.29,34.831792,-120.433509
627,16.29,37.350421,-121.852585
628,16.28,37.371606,-121.860844
629,16.27,34.923013,-120.259463
630,16.26,39.225478,-122.922912
631,16.25,37.377787,-119.632385
632,16.25,41.452689,-123.464813
633,16.24,32.770197,-115.59859
634,16.24,36.442077,-119.727734
635,16.23,39.529719,-120.454168
636,16.23,38.756184,-122.195438
637,16.21,37.209821,-119.749802
638,16.21,37.991289,-120.262791
639,16.21,39.128363,-122.849302
641,16.19,37.75512,-121.972699
642,16.19,38.840282,-120.150225
643,16.18,37.553376,-120.714055
644,16.17,37.671978,-121.007405
645,16.17,37.528476,-120.853313
646,16.17,36.29223,-119.622676
648,16.16,38.398815,-122.861923
650,16.15,38.282221,-121.924715
652,16.14,37.87168,-121.597066
653,16.13,37.387111,-121.897417
654,16.13,36.145394,-119.867288
655,16.13,37.554269,-120.951523
656,16.13,38.3933,-122.745048
657,16.13,37.623601,-120.996324
658,16.12,34.689848,-118.533689
659,16.12,37.424565,-121.748597
660,16.11,37.519349,-121.296545
661,16.11,38.08973,-122.277394
662,16.11,38.235014,-122.557332
666,16.10,40.546631,-122.880891
667,16.10,39.184728,-122.969574
668,16.10,37.516907,-121.911763
669,16.10,39.342544,-120.770868
670,16.10,39.081822,-123.504872
671,16.09,37.612612,-121.108568
672,16.07,37.939765,-120.188046
673,16.06,38.030177,-121.297912
674,16.05,36.313344,-119.708452
676,16.05,37.814613,-121.990552
677,16.04,35.492805,-119.286861
678,16.03,37.918854,-121.417427
680,16.03,33.543835,-115.993906
681,16.03,35.162393,-119.425116
682,16.02,35.662509,-120.749865
683,16.01,37.344482,-121.883535
684,16.01,37.864258,-120.004543
685,16.01,36.474404,-120.061497
686,16.01,38.186532,-122.264069
688,16.00,37.558453,-120.90988
689,16.00,38.002125,-121.324979
690,15.99,39.054011,-122.751253
691,15.99,38.433216,-122.869001
695,15.98,37.444123,-122.149911
696,15.97,37.452895,-121.229974
697,15.97,38.808264,-122.539952
698,15.96,41.324926,-123.600968
699,15.96,38.816357,-121.91077
700,15.96,34.479453,-120.084094
701,15.95,37.72222,-122.484077
702,15.95,37.45788,-122.115158
703,15.95,38.157794,-121.520223
704,15.95,39.492842,-123.340973
705,15.93,37.346512,-121.909803
706,15.93,36.29227,-119.829463
707,15.93,37.371091,-121.800752
709,15.93,37.068068,-120.843579
710,15.93,37.861625,-120.480322
711,15.92,37.295056,-121.89144
714,15.91,37.494877,-119.64428
716,15.91,37.418256,-122.170871
717,15.91,37.653372,-119.784117
718,15.90,37.335987,-121.777603
719,15.90,38.76661,-120.223931
720,15.90,38.697634,-121.977571
721,15.89,37.925763,-121.528026
722,15.89,36.862209,-119.760793
724,15.89,37.224696,-119.470738
725,15.88,36.905389,-119.748632
726,15.88,37.469453,-122.411841
728,15.88,34.653533,-120.007153
730,15.87,37.344149,-119.422139
731,15.86,37.626489,-119.68128
732,15.86,40.459048,-123.673177
733,15.85,37.333694,-121.891002
734,15.84,36.814864,-119.710596
761,15.84,37.444349,-121.868859
762,15.83,38.830371,-122.126946
764,15.83,34.710034,-119.243808
765,15.83,37.374707,-122.181698
766,15.83,34.737964,-120.543739
767,15.83,37.043286,-119.691306
768,15.82,41.092825,-123.675802
769,15.82,37.608303,-120.685156
770,15.82,38.11276,-120.225746
771,15.81,37.671103,-121.406559
772,15.81,37.519986,-121.575596
773,15.81,37.681264,-122.480589
774,15.79,36.984885,-119.873914
775,15.79,37.659883,-122.037142
776,15.78,38.732368,-121.810263
777,15.78,34.842425,-119.203723
778,15.78,37.326791,-121.916745
781,15.77,37.304151,-121.809869
782,15.76,37.413691,-122.295343
784,15.76,36.840813,-119.799812
785,15.76,38.922131,-122.789559
788,15.74,37.415727,-122.130762
789,15.73,36.793661,-119.761461
790,15.72,37.457524,-122.176542
791,15.72,38.412615,-121.756222
792,15.72,37.431392,-121.051294
793,15.72,37.393503,-121.620009
794,15.72,39.196387,-120.972289
795,15.71,38.734513,-122.025346
796,15.71,41.241807,-123.913425
797,15.71,38.762986,-120.087069
798,15.71,37.348723,-121.937557
799,15.71,38.324133,-122.714633
800,15.71,33.345027,-114.915942
801,15.71,37.461147,-122.236948
802,15.71,37.570508,-121.98125
803,15.71,36.822349,-119.760243
804,15.71,38.024885,-122.759933
805,15.70,39.806096,-123.516147
806,15.69,36.448672,-121.849502
807,15.69,36.526597,-119.864103
808,15.69,35.518295,-118.430032
809,15.69,36.76886,-119.762393
810,15.68,37.283111,-121.826245
811,15.68,37.357489,-122.144437
813,15.67,37.97925,-121.313409
815,15.66,39.053461,-120.795632
816,15.65,37.523602,-122.34492
817,15.65,37.474396,-120.875917
818,15.65,38.320861,-122.646138
819,15.65,37.973736,-121.319246
820,15.64,37.248335,-119.944935
821,15.64,32.817225,-115.700076
822,15.63,36.799054,-119.801608
823,15.63,34.713292,-118.15292
824,15.63,37.315977,-121.936319
825,15.63,37.328684,-121.835269
827,15.62,37.4219,-120.769283
828,15.61,39.161278,-122.745312
829,15.61,32.725583,-115.47268
830,15.61,37.203158,-119.249243
831,15.60,37.538449,-122.305447
832,15.60,38.192498,-121.927529
833,15.60,38.34642,-122.694127
840,15.59,38.140366,-121.589783
844,15.58,38.051726,-121.483036
845,15.56,39.319332,-120.399379
846,15.55,39.808651,-120.205672
847,15.55,37.952452,-121.329655
848,15.55,37.22358,-119.000834
851,15.54,36.793477,-119.956818
852,15.54,37.244238,-121.831604
853,15.53,39.639597,-120.247144
854,15.53,36.47583,-117.860116
855,15.53,37.667405,-120.629404
857,15.52,36.803197,-120.018564
858,15.52,37.376828,-122.209796
859,15.52,36.825296,-119.68019
860,15.51,36.799361,-119.874794
861,15.51,38.752774,-122.557196
862,15.50,37.043434,-120.033693
863,15.50,37.171267,-122.149524
864,15.50,38.258394,-119.783024
865,15.49,37.414028,-122.070679
866,15.49,37.38852,-122.075726
867,15.48,37.351157,-121.952295
868,15.48,40.298264,-124.243071
869,15.47,37.380566,-122.085293
873,15.46,36.672683,-120.446521
874,15.46,39.753579,-120.054995
875,15.46,38.997166,-120.129625
876,15.46,36.212203,-117.948532
877,15.45,32.891546,-114.772943
881,15.45,37.371647,-122.023134
882,15.44,38.199576,-121.618273
883,15.44,39.31403,-123.249924
884,15.44,34.95934,-120.490081
885,15.43,36.72725,-120.123426
886,15.43,37.426377,-121.950977
887,15.43,37.393491,-121.96467
888,15.43,37.284529,-121.658321
890,15.42,38.18735,-122.224074
891,15.42,35.538809,-120.739893
892,15.42,37.269128,-121.850992
893,15.41,39.243304,-120.071406
894,15.41,37.412402,-122.015605
895,15.41,38.620964,-119.505184
896,15.41,35.335636,-119.758248
897,15.40,38.098071,-122.13594
898,15.40,37.279173,-121.95534
899,15.39,37.131989,-118.15588
900,15.39,37.438672,-122.011582
903,15.39,40.280389,-124.06367
904,15.37,37.166199,-121.024432
905,15.37,38.687045,-121.857077
906,15.36,39.24905,-120.060428
907,15.35,37.501368,-121.956753
908,15.34,32.777241,-115.127641
909,15.34,36.316298,-117.592333
910,15.34,35.665082,-119.197958
911,15.34,36.834289,-119.83335
912,15.34,33.460512,-116.084589
913,15.34,36.918079,-120.185933
914,15.34,37.34864,-121.984373
915,15.33,38.281108,-119.384449
916,15.33,37.020043,-120.625404
917,15.32,36.917573,-119.593481
918,15.32,39.200502,-120.840726
919,15.32,35.16374,-117.886527
920,15.32,37.988451,-122.013001
922,15.31,39.313089,-120.207783
925,15.30,37.514352,-122.298896
926,15.30,36.814503,-120.57524
927,15.30,37.496466,-122.272565
928,15.29,37.036461,-122.12175
929,15.29,35.26146,-116.690324
932,15.28,37.603155,-122.018638
933,15.28,34.899991,-116.654532
934,15.28,36.757294,-119.818488
935,15.27,38.029069,-122.726523
936,15.27,38.082829,-122.671527
937,15.27,36.650275,-120.284085
938,15.27,38.843738,-120.072674
939,15.27,38.112166,-122.634384
940,15.27,37.737191,-121.433384
941,15.26,37.224914,-121.764075
942,15.26,37.351529,-122.036959
943,15.26,35.617546,-118.452285
944,15.26,39.483479,-120.037661
946,15.25,35.294349,-117.925785
947,15.25,38.124887,-120.093146
948,15.25,37.956012,-121.956194
949,15.25,38.065529,-120.170699
950,15.24,40.738391,-122.821086
951,15.24,38.833425,-122.734061
952,15.24,39.311704,-120.328125
953,15.23,37.246623,-121.733833
954,15.23,38.240419,-121.587535
955,15.23,39.144526,-120.852575
956,15.23,37.531889,-120.437413
957,15.22,36.786671,-119.828335
958,15.21,37.388556,-122.017732
959,15.21,38.554133,-121.798467
961,15.20,34.957206,-117.827391
962,15.20,36.902045,-121.350783
963,15.20,37.493297,-122.195535
964,15.19,38.689261,-120.054975
965,15.19,40.588772,-123.434201
966,15.18,37.873793,-121.290146
967,15.18,38.869825,-120.008594
968,15.18,35.486805,-120.485271
969,15.18,39.269964,-120.677611
970,15.17,37.352234,-122.094399
971,15.17,37.277121,-121.986133
972,15.17,34.867662,-120.539904
974,15.16,38.103234,-122.249096
975,15.15,37.745399,-122.486065
976,15.14,38.028939,-121.640521
977,15.13,37.230327,-121.785227
978,15.13,39.232027,-120.096413
979,15.13,37.25552,-121.889995
980,15.13,35.757886,-118.988161
981,15.13,37.41467,-120.586787
982,15.13,36.627211,-119.731888
983,15.13,37.889098,-122.037553
984,15.12,32.687552,-115.541028
986,15.11,40.377299,-123.854169
987,15.11,37.899936,-121.999244
988,15.11,35.228199,-119.569304
989,15.11,36.960108,-120.64806
990,15.10,37.222759,-121.983272
991,15.10,37.311181,-121.96187
992,15.09,37.256765,-121.922762
993,15.09,37.470288,-120.671083
994,15.08,37.914513,-122.64689
995,15.08,36.652065,-119.906591
996,15.08,37.421071,-120.652983
997,15.07,37.325955,-121.193383
998,15.07,36.415603,-121.637651
999,15.07,39.254453,-120.022185
1000,15.07,38.433968,-119.968436
1001,15.07,40.525724,-123.193917
1002,15.06,36.595012,-119.904577
1003,15.05,39.226549,-120.767022
1004,15.05,37.964578,-121.259841
1005,15.04,39.198047,-120.237787
1006,15.04,37.965765,-121.775818
1007,15.04,37.73622,-122.459338
1008,15.03,36.585446,-120.173897
1009,15.03,39.111833,-120.877969
1010,15.02,35.463544,-120.692911
1011,15.02,34.931987,-117.907127
1012,15.02,38.014576,-121.906255
1013,15.02,37.922228,-121.668359
1015,15.01,37.996501,-121.812301
1016,15.00,37.897665,-122.563172
1017,14.99,38.148862,-121.737696
1018,14.99,39.148285,-120.170923
1019,14.99,37.129364,-119.219563
1020,14.99,35.592099,-118.297698
1021,14.99,38.425282,-119.475743
1022,14.98,35.746484,-121.223355
1023,14.98,37.943087,-122.72379
1024,14.98,37.666587,-120.411517
1025,14.97,38.122869,-122.196863
1026,14.97,36.999336,-119.518794
1027,14.96,37.995285,-122.040627
1028,14.96,35.303925,-120.256566
1029,14.96,37.63382,-122.0572
1030,14.96,32.785826,-114.545506
1031,14.96,37.993936,-121.691139
1032,14.94,40.322772,-123.920622
1033,14.93,34.450906,-118.227614
1037,14.93,37.260499,-122.046165
1038,14.92,38.186595,-120.026235
1043,14.90,36.478239,-119.52137
1044,14.90,37.392287,-120.498299
1081,14.89,36.749661,-119.787685
1082,14.88,37.215362,-121.741521
1083,14.88,36.825745,-121.518587
1084,14.88,37.959736,-121.288287
1085,14.87,38.013719,-122.67012
1086,14.87,37.394536,-120.890747
1087,14.87,37.714509,-122.079542
1088,14.87,36.732891,-119.783739
1089,14.86,37.673945,-122.084821
1090,14.86,37.850411,-122.021124
1091,14.84,37.242232,-120.240442
1092,14.84,37.305742,-122.000927
1094,14.83,37.583767,-119.976728
1095,14.82,34.919894,-120.604969
1101,14.80,36.739194,-119.753933
1102,14.80,37.274612,-122.23242
1103,14.80,37.104964,-122.106903
1104,14.79,37.943963,-122.616418
1105,14.78,37.606627,-122.477211
1106,14.77,37.321233,-120.654395
1107,14.77,37.12738,-120.506433
1108,14.76,34.570867,-118.023744
1109,14.76,34.770605,-119.985205
1110,14.76,36.042151,-119.5277
1111,14.76,37.776769,-122.494707
1112,14.75,37.028835,-119.316654
1113,14.75,37.548205,-122.098677
1117,14.73,37.174063,-121.598747
1118,14.73,38.743384,-119.867624
1119,14.73,37.758797,-122.485128
1120,14.72,37.71426,-120.081389
1121,14.71,35.652242,-119.4464
1122,14.70,37.316807,-120.855753
1124,14.69,40.578828,-124.136869
1125,14.69,38.012599,-122.687478
1126,14.69,37.852904,-122.547207
1127,14.69,37.098303,-120.281212
1128,14.67,37.974295,-121.651441
1129,14.67,37.794225,-120.26914
1130,14.66,38.022366,-122.555605
1131,14.66,37.508765,-119.982496
1132,14.66,35.413944,-117.764333
1133,14.66,37.504514,-122.032916
1134,14.65,37.306491,-122.08064
1137,14.64,35.779507,-119.200825
1138,14.64,39.067274,-120.177798
1141,14.62,35.67733,-118.101417
1142,14.62,38.052951,-122.232094
1143,14.61,40.914926,-123.668723
1145,14.60,36.248797,-121.386631
1146,14.60,36.452697,-119.482343
1147,14.58,37.331113,-120.294817
1148,14.57,37.720375,-122.44295
1149,14.57,34.980294,-116.964449
1150,14.56,39.844682,-123.656929
1151,14.56,36.536573,-119.638651
1152,14.55,34.713656,-117.86466
1153,14.54,34.408548,-118.123592
1154,14.54,34.863585,-116.862059
1155,14.52,40.765478,-122.941428
1156,14.52,37.534106,-122.247372
1157,14.52,39.244183,-123.563531
1158,14.51,35.856859,-119.507526
1159,14.51,36.751519,-119.680602
1160,14.49,36.651745,-121.599444
1161,14.49,37.231045,-120.501072
1162,14.47,37.270838,-122.280738
1163,14.46,36.553175,-121.92396
1165,14.46,32.737705,-115.9322
1166,14.46,37.963111,-122.563588
1167,14.46,35.715258,-118.507027
1168,14.45,37.690884,-122.447441
1169,14.45,37.950362,-122.022039
1170,14.44,37.36553,-120.160164
1171,14.44,36.119622,-118.177124
1172,14.44,39.186791,-123.558382
1173,14.42,38.032793,-122.252211
1176,14.40,37.945512,-122.56012
1177,14.40,35.002282,-117.629941
1178,14.39,34.168333,-116.288431
1179,14.39,36.95594,-119.335294
1180,14.39,34.322618,-118.23757
1181,14.38,37.347307,-120.742627
1185,14.37,38.134068,-122.52719
1186,14.36,41.012258,-123.387964
1187,14.35,37.160846,-121.983966
1189,14.34,36.624539,-119.671874
1190,14.33,35.401934,-120.799362
1191,14.32,40.472423,-124.12184
1192,14.32,38.012697,-122.639598
1193,14.32,37.780097,-122.462605
1194,14.31,35.585018,-121.041461
1195,14.31,35.729116,-118.391888
1196,14.30,35.606509,-117.683472
1197,14.29,40.87733,-123.499144
1198,14.29,38.134852,-121.834156
1199,14.26,37.59897,-122.401991
1200,14.26,37.247137,-122.273493
1201,14.25,37.625086,-122.433593
1202,14.25,37.074092,-122.059372
1204,14.23,38.044258,-122.198765
1205,14.23,37.797336,-122.464462
1207,14.22,35.746463,-117.386604
1209,14.20,40.92143,-123.815266
1210,14.19,36.991107,-122.059022
1211,14.19,37.098768,-122.091734
1212,14.19,36.620634,-119.520731
1213,14.18,37.345785,-120.42415
1214,14.17,34.91588,-116.865561
1215,14.16,35.852815,-117.224709
1216,14.16,37.995864,-122.577814
1217,14.16,37.466072,-120.225948
1218,14.15,34.957406,-117.219606
1219,14.15,37.57028,-122.365778
1220,14.14,35.817247,-118.669124
1221,14.14,37.555999,-122.267679
1222,14.13,37.216953,-121.926555
1225,14.11,35.808535,-119.128083
1227,14.08,35.735652,-118.738373
1228,14.06,40.557483,-124.081215
1229,14.06,39.305245,-123.748616
1230,14.05,34.156529,-117.841605
1231,14.05,37.186141,-121.843555
1233,14.04,36.092975,-121.549826
1235,14.02,34.097345,-117.906736
1236,14.02,39.108252,-123.645121
1237,14.01,41.593204,-124.045992
1238,14.00,36.655353,-119.593861
1239,13.99,35.860883,-119.03614
1240,13.99,41.870812,-123.86277
1241,13.97,40.91378,-123.307421
1242,13.97,35.347928,-117.621393
1244,13.96,37.526902,-122.512164
1246,13.96,35.037198,-120.504593
1247,13.96,40.829014,-123.022859
1248,13.94,34.768503,-119.030293
1249,13.94,34.280333,-117.866141
1250,13.94,34.442625,-117.541815
1252,13.93,37.050419,-122.057816
1258,13.92,35.371604,-117.643321
1259,13.91,40.781218,-123.826383
1260,13.91,34.481108,-117.982006
1261,13.90,36.556387,-118.054221
1262,13.87,37.331714,-122.341466
1263,13.86,35.437302,-119.477735
1264,13.85,37.918191,-122.071665
1265,13.85,37.605905,-122.126873
1266,13.85,34.084747,-117.886844
1269,13.84,35.889831,-118.630592
1270,13.84,37.931846,-122.507738
1271,13.83,35.873666,-119.281551
1272,13.83,37.937082,-122.532369
1273,13.83,37.87195,-122.069383
1274,13.83,34.7727,-118.791975
1276,13.79,36.047414,-119.344304
1277,13.77,37.554298,-122.496632
1278,13.77,36.658709,-119.401274
1279,13.76,34.061624,-117.892235
1280,13.76,36.817791,-119.457602
1281,13.75,34.083086,-117.737997
1282,13.75,36.682351,-121.605904
1285,13.74,36.624716,-121.646487
1286,13.73,34.119367,-117.855054
1287,13.72,35.484966,-120.944417
1288,13.72,36.823834,-118.281246
1290,13.71,38.060475,-122.508496
1292,13.71,34.374009,-117.628429
1294,13.69,37.65549,-122.422075
1295,13.69,36.585219,-121.945282
1296,13.69,37.688826,-122.408935
1298,13.68,35.952426,-119.072843
1299,13.67,33.686145,-116.172918
1300,13.67,34.402509,-118.363427
1301,13.67,34.066964,-117.937007
1302,13.66,34.110186,-117.81039
1304,13.65,37.067917,-122.013995
1305,13.65,34.757047,-117.350142
1306,13.63,37.626411,-122.385757
1307,13.63,34.391145,-117.405722
1308,13.63,36.636344,-121.623978
1309,13.62,37.721052,-122.413573
1310,13.62,34.447894,-117.623946
1311,13.61,33.399248,-118.435601
1312,13.60,40.455189,-124.015148
1313,13.59,39.68979,-123.610022
1315,13.58,36.521012,-119.389446
1316,13.57,34.03734,-119.800786
1317,13.57,34.080444,-117.854734
1318,13.56,34.153159,-117.968818
1319,13.56,37.576948,-122.316903
1320,13.55,41.819578,-124.065667
1321,13.55,36.722714,-121.633649
1324,13.51,36.597004,-121.874136
1325,13.49,37.954131,-122.07614
1326,13.48,34.18001,-117.773939
1327,13.48,39.258198,-123.76156
1329,13.46,37.099308,-121.59924
1330,13.46,34.018195,-117.854821
1331,13.45,34.141586,-117.957627
1333,13.43,34.259272,-117.520971
1334,13.42,34.376159,-117.294397
1335,13.42,34.545587,-118.420095
1337,13.40,37.993892,-122.136441
1338,13.38,36.178091,-119.370752
1339,13.38,34.128066,-117.714773
1340,13.38,36.301334,-119.372586
1341,13.36,40.496975,-123.930822
1342,13.36,34.480247,-117.408184
1343,13.36,34.031415,-117.93647
1344,13.36,40.959368,-124.051236
1345,13.35,38.010166,-122.261728
1346,13.35,37.706137,-122.12555
1347,13.32,33.98627,-117.821282
1348,13.31,34.168771,-118.050216
1349,13.30,41.080058,-124.156283
1350,13.30,37.745916,-122.441472
1354,13.28,33.974883,-117.900676
1355,13.26,34.650629,-117.321326
1356,13.26,34.585234,-117.453724
1357,13.26,34.424366,-117.161295
1359,13.25,34.141146,-117.655583
1360,13.25,34.501472,-117.292048
1361,13.25,34.022581,-117.902359
1362,13.24,34.1528,-118.000482
1363,13.24,36.621181,-121.925179
1364,13.23,37.897009,-122.114292
1367,13.22,33.928179,-117.809285
1368,13.21,35.120888,-120.619664
1370,13.20,34.263636,-117.69947
1371,13.19,34.556111,-117.353632
1372,13.18,33.710984,-116.204844
1373,13.17,36.822163,-118.649328
1374,13.17,34.044416,-117.985366
1375,13.16,34.185894,-116.432416
1377,13.15,34.063516,-117.790379
1378,13.14,41.950683,-124.097094
1380,13.13,33.927561,-117.887086
1381,13.12,37.885629,-122.46858
1383,13.12,34.105282,-117.662035
1384,13.11,36.57469,-121.840854
1385,13.11,34.571218,-117.133073
1386,13.11,36.644737,-119.289181
1388,13.09,40.674987,-124.231146
1389,13.07,37.042254,-121.930051
1390,13.06,35.960636,-119.312992
1391,13.06,33.999005,-117.972146
1392,13.06,39.199469,-123.702253
1393,13.06,34.072329,-117.698315
1394,13.04,34.155533,-118.086178
1395,13.03,34.194489,-118.138263
1396,13.03,34.407332,-117.911841
1398,13.02,34.165356,-118.123751
1399,13.02,40.666691,-123.908396
1400,13.01,34.09741,-117.968269
1401,13.00,34.042286,-117.756106
1402,12.99,34.083016,-117.073317
1403,12.99,37.031475,-121.98334
1404,12.99,34.093661,-116.936222
1405,12.98,35.044396,-120.620199
1406,12.97,37.943257,-122.492151
1407,12.96,34.136258,-118.026704
1409,12.94,36.391777,-119.372842
1410,12.93,33.142077,-116.106046
1411,12.93,37.769436,-122.447662
1412,12.92,37.758057,-122.43541
1416,12.91,34.004468,-117.684697
1417,12.90,37.0067,-121.878207
1418,12.89,35.988087,-118.860221
1423,12.88,34.128284,-118.047732
1424,12.87,34.032301,-117.010574
1428,12.85,34.295652,-118.897875
1430,12.84,37.750021,-122.415201
1431,12.83,34.122671,-118.112911
1435,12.81,36.056587,-118.568462
1436,12.81,37.675731,-122.133017
1438,12.79,34.59448,-117.813666
1440,12.79,34.067146,-117.171885
1441,12.78,33.963723,-117.738596
1442,12.78,39.487185,-123.741963
1446,12.76,34.510646,-116.896718
1447,12.75,34.07342,-118.015345
1449,12.74,33.896339,-117.796416
1450,12.74,34.126779,-117.183104
1453,12.72,34.253816,-117.150891
1455,12.72,34.259971,-117.199381
1456,12.70,34.137564,-117.599945
1457,12.70,39.366146,-123.804985
1458,12.70,34.139402,-118.128658
1459,12.69,33.942708,-117.952483
1460,12.69,34.102077,-118.057754
1462,12.69,34.05941,-117.674011
1464,12.68,36.789273,-119.140345
1465,12.68,34.254361,-117.326453
1472,12.67,33.990372,-117.052255
1475,12.66,34.146671,-118.139455
1476,12.66,34.090728,-118.127527
1477,12.65,34.144618,-117.301301
1478,12.64,34.078573,-118.043456
1498,12.64,34.212805,-118.882179
1499,12.64,34.169538,-118.164941
1500,12.64,33.885514,-117.730164
1501,12.64,34.441596,-118.448109
1502,12.64,34.115273,-118.088266
1504,12.63,34.193326,-118.818684
1505,12.62,34.237898,-117.234788
1506,12.61,34.226083,-117.225931
1509,12.60,33.901886,-117.916639
1510,12.60,32.648992,-116.152565
1511,12.59,34.326584,-118.382261
1512,12.59,37.018419,-121.554249
1513,12.58,34.177083,-117.254763
1515,12.56,34.21474,-117.192326
1527,12.54,34.122501,-117.320138
1530,12.54,34.270601,-116.949309
1533,12.54,37.785969,-122.437253
1534,12.53,33.842584,-116.2929
1535,12.52,36.547067,-119.335641
1536,12.52,34.152583,-117.577707
1537,12.52,34.090776,-118.095091
1538,12.51,34.212433,-117.381239
1539,12.51,34.00784,-118.030271
1540,12.51,34.495537,-117.756645
1541,12.50,34.107379,-117.297547
1542,12.50,34.104794,-117.29215
1543,12.50,34.046243,-118.053748
1548,12.46,34.222119,-118.205306
1550,12.45,34.232796,-116.902863
1551,12.44,37.978138,-122.497611
1552,12.44,36.724723,-119.192779
1553,12.42,34.506627,-118.699048
1554,12.42,33.972782,-118.022066
1557,12.40,33.753959,-116.246487
1558,12.39,34.402521,-117.766066
1559,12.39,34.340222,-116.540435
1561,12.38,36.970525,-121.987488
1562,12.38,36.874755,-121.630732
1564,12.38,34.074736,-118.145959
1565,12.37,34.083458,-117.270016
1569,12.36,34.074087,-117.605618
1571,12.35,33.641767,-116.273943
1572,12.34,34.172754,-117.521243
1573,12.33,34.243482,-117.281304
1574,12.33,37.713275,-122.16735
1575,12.33,34.051177,-117.248563
1576,12.32,34.065493,-118.084529
1577,12.30,32.67807,-116.306851
1578,12.29,33.945555,-117.990719
1581,12.27,35.176043,-120.476694
1583,12.27,34.10097,-117.57882
1584,12.26,34.205287,-117.117403
1585,12.26,36.976175,-121.95316
1588,12.24,33.868649,-117.929055
1590,12.23,34.530199,-119.310133
1591,12.23,34.059306,-117.390768
1592,12.23,36.05438,-119.150397
1593,12.23,33.82233,-116.364238
1594,12.23,34.13946,-118.166649
1595,12.22,33.950295,-118.024352
1596,12.22,34.473884,-118.797181
1597,12.22,34.236643,-117.062838
1598,12.21,34.011953,-117.159699
1599,12.21,34.141671,-116.817981
1600,12.20,34.237229,-116.827695
1601,12.20,34.108957,-118.156615
1604,12.18,34.050965,-118.114394
1606,12.16,34.211341,-118.230652
1607,12.16,34.261962,-118.336078
1612,12.14,36.503322,-119.286328
1613,12.14,34.222079,-116.564222
1614,12.13,35.185911,-120.731793
1616,12.12,34.147718,-117.464506
1621,12.10,36.37559,-119.211689
1623,12.09,36.772382,-118.935666
1624,12.09,34.404104,-118.897776
1625,12.08,37.790438,-122.140819
1627,12.06,36.769389,-121.667532
1628,12.05,33.881158,-117.854783
1629,12.04,36.61441,-121.786901
1632,12.04,33.818256,-116.466743
1634,12.03,34.465755,-118.553789
1636,12.02,34.136077,-118.888919
1637,12.02,34.261092,-116.809496
1638,12.01,33.879768,-117.89634
1639,12.01,34.440891,-118.501747
1640,12.00,34.157763,-117.405966
1641,12.00,33.915839,-116.559873
1642,12.00,37.840961,-122.109502
1644,12.00,34.052922,-118.143465
1645,12.00,33.692217,-116.341248
1646,11.99,36.15118,-119.049222
1647,11.99,34.035602,-117.591528
1648,11.98,39.683707,-123.741609
1649,11.98,33.927691,-118.013828
1651,11.96,34.160359,-118.213769
1652,11.96,34.031011,-117.312929
1653,11.96,40.726752,-124.217378
1654,11.94,34.184975,-118.766918
1655,11.94,35.23575,-120.615973
1656,11.93,34.114708,-118.192098
1657,11.93,32.654821,-116.465541
1658,11.93,33.95154,-116.520104
1660,11.90,33.576212,-117.730368
1661,11.88,34.015444,-118.111012
1662,11.88,33.708012,-116.403627
1663,11.87,36.46271,-119.093242
1664,11.87,34.049809,-117.470613
1665,11.87,33.996484,-117.531269
1667,11.85,34.085972,-117.464597
1668,11.83,40.738322,-124.107619
1669,11.83,37.800934,-122.438366
1670,11.82,34.111605,-117.377406
1671,11.82,36.389827,-119.219896
1672,11.82,36.69718,-119.022995
1673,11.81,33.856459,-117.740176
1674,11.81,34.077059,-116.606626
1675,11.81,33.765401,-116.334205
1676,11.80,33.645736,-117.685503
1677,11.80,36.60076,-119.175485
1678,11.80,36.206269,-119.071075
1679,11.80,34.02452,-117.289255
1680,11.78,33.952902,-117.639325
1681,11.77,33.977272,-118.066363
1682,11.76,33.219365,-116.535247
1683,11.75,37.994038,-122.282589
1686,11.75,33.788145,-117.87655
1687,11.75,32.866646,-116.448325
1688,11.74,34.258405,-118.775026
1689,11.73,34.236302,-118.249185
1691,11.72,33.830457,-117.905941
1692,11.72,35.3012,-120.660937
1696,11.71,32.735124,-116.415161
1697,11.71,33.591304,-117.697512
1698,11.71,33.99504,-117.373184
1699,11.70,33.848733,-117.788357
1700,11.69,33.57093,-117.773042
1701,11.69,34.175969,-118.945127
1702,11.68,33.925311,-117.607297
1703,11.67,33.624456,-117.781423
1704,11.67,34.181293,-118.260277
1705,11.67,37.736529,-122.179445
1706,11.66,33.768584,-116.429988
1707,11.66,33.844983,-117.952151
1709,11.65,36.622507,-118.957187
1710,11.64,34.137412,-118.207607
1711,11.64,32.846363,-116.557729
1712,11.64,35.165671,-120.655844
1714,11.63,34.294615,-118.507001
1715,11.62,34.36811,-118.489038
1717,11.61,34.168366,-118.267771
1719,11.61,33.765301,-117.881976
1720,11.61,33.925519,-117.551958
1722,11.60,33.948255,-116.987839
1724,11.58,33.787165,-117.931889
1725,11.58,34.2044,-118.287527
1754,11.57,33.879329,-117.961752
1755,11.57,33.818246,-117.974985
1770,11.56,37.686491,-122.157201
1772,11.56,33.874224,-117.993368
1773,11.55,36.245404,-118.693313
1779,11.55,40.855694,-124.066898
1780,11.55,33.989524,-118.089299
1781,11.54,33.611945,-117.665867
1782,11.54,34.078195,-118.185501
1783,11.53,37.779588,-122.419318
1784,11.53,33.784615,-117.844774
1785,11.53,33.80098,-117.843772
1786,11.52,33.612925,-117.731443
1787,11.52,34.003266,-117.442004
1788,11.51,33.826393,-117.851307
1789,11.51,33.970847,-117.32512
1793,11.50,37.773134,-122.411167
1794,11.50,36.686845,-121.786887
1795,11.49,34.185666,-118.239494
1796,11.49,33.528868,-117.701175
1797,11.49,33.81763,-117.810046
1800,11.48,37.840645,-122.114877
1801,11.48,37.761408,-122.150198
1802,11.47,33.860925,-116.566176
1803,11.47,36.304539,-119.204896
1804,11.47,33.910412,-116.765723
1805,11.47,34.265879,-118.456748
1806,11.46,34.106896,-119.099535
1807,11.46,33.808267,-117.923658
1808,11.45,33.983697,-116.691398
1809,11.45,33.763905,-117.931382
1811,11.44,36.946256,-121.756479
1812,11.44,34.247556,-118.70094
1813,11.44,34.211452,-118.241036
1814,11.44,33.936193,-117.493881
1816,11.43,33.786846,-117.98202
1817,11.43,36.935538,-121.783134
1830,11.37,33.83796,-117.870494
1831,11.37,33.97216,-117.258409
1832,11.36,34.123286,-118.758541
1834,11.35,33.734005,-117.819163
1835,11.35,33.705442,-117.8236
1836,11.35,33.547238,-117.623761
1839,11.34,36.295014,-119.026031
1840,11.34,33.131156,-116.976997
1841,11.34,34.204568,-118.326365
1843,11.32,33.666942,-117.732094
1846,11.29,34.439855,-118.644401
1847,11.27,33.882614,-117.528204
1849,11.26,33.022474,-116.493688
1851,11.25,33.934335,-117.367319
1852,11.24,34.281486,-118.556005
1853,11.24,34.112272,-118.225496
1854,11.23,33.714796,-117.749139
1855,11.22,33.74822,-117.858473
1857,11.22,33.80845,-117.791737
1858,11.21,34.13658,-118.245839
1867,11.20,33.840451,-117.601961
1868,11.20,34.144557,-118.256507
1869,11.19,36.488656,-118.998043
1870,11.19,40.825486,-124.049485
1875,11.18,34.196026,-118.992531
1876,11.18,34.023728,-118.156275
1877,11.18,33.948948,-116.832362
1878,11.17,33.754048,-117.752273
1879,11.17,34.136194,-118.260934
1880,11.17,33.14709,-116.717453
1882,11.16,33.765639,-117.790075
1883,11.16,33.323221,-116.66593
1886,11.15,33.708592,-116.497622
1887,11.15,35.296958,-120.733134
1888,11.14,33.801191,-117.994904
1889,11.13,33.903134,-117.398044
1890,11.12,34.286687,-118.43508
1891,11.12,33.882579,-117.442303
1894,11.09,34.224196,-118.632394
1895,11.08,33.923381,-117.244837
1896,11.08,34.153338,-118.262974
1897,11.07,33.902045,-118.008961
1898,11.07,34.173885,-118.346937
1900,11.04,34.17051,-118.289463
1901,11.03,34.297699,-119.014558
1902,11.03,33.765471,-117.969504
1903,11.02,37.795388,-122.422453
1904,11.02,36.615624,-118.697574
1905,11.02,32.887989,-116.621354
1906,11.01,34.200834,-118.6649
1907,11.01,34.384697,-118.647244
1908,11.00,33.527867,-116.64762
1909,10.98,35.295232,-120.835468
1910,10.97,34.066117,-118.846342
1911,10.97,32.626231,-116.61002
1913,10.95,33.47512,-117.705675
1914,10.95,34.247532,-118.526076
1920,10.94,34.308729,-118.687223
1921,10.94,34.176817,-118.309323
1922,10.93,33.696122,-117.67594
1923,10.93,37.833901,-122.165034
1924,10.92,34.293338,-118.603118
1925,10.91,33.595088,-117.829038
1928,10.89,37.748272,-122.216825
1929,10.88,34.169706,-118.323548
1930,10.88,33.739709,-117.784703
1931,10.87,33.680302,-117.833295
1932,10.87,33.690715,-117.789224
1933,10.87,33.845223,-118.015292
1937,10.85,37.780853,-122.182845
1938,10.85,34.085784,-118.206666
1939,10.84,37.728895,-122.382779
1940,10.82,40.798659,-124.151583
1942,10.81,33.606497,-117.643112
1946,10.80,33.889702,-117.113427
1949,10.78,33.752468,-117.993933
1950,10.77,34.237519,-118.517712
1951,10.76,34.200175,-118.540958
1955,10.75,33.467371,-117.613509
1956,10.75,37.76046,-122.399724
1957,10.74,34.177311,-118.615704
1958,10.74,34.045105,-118.185914
1959,10.73,37.792007,-122.408575
1960,10.73,33.933565,-118.062611
1961,10.72,37.804531,-122.410852
1964,10.72,33.642512,-117.841688
1965,10.71,37.952844,-122.381974
1966,10.71,32.588866,-116.619172
1967,10.71,37.80432,-122.207545
1968,10.70,33.619672,-117.612087
1970,10.70,33.50186,-117.608646
1971,10.70,33.42411,-117.606775
1972,10.69,34.237912,-118.482306
1973,10.69,40.79088,-124.204748
1974,10.69,33.053006,-116.850651
1975,10.67,33.889103,-117.278368
1976,10.67,34.238208,-118.55029
1977,10.66,33.88274,-117.224878
1981,10.63,37.791409,-122.40213
1982,10.63,37.98079,-122.337627
1984,10.61,34.209532,-118.577563
1986,10.60,34.184616,-118.576125
1987,10.59,33.637201,-116.627212
1988,10.59,34.111885,-118.261033
1989,10.59,33.768539,-116.753396
1990,10.59,34.123305,-118.671025
1991,10.58,33.65844,-117.826009
1992,10.58,33.827409,-117.524128
1994,10.57,34.255442,-118.421314
1995,10.56,37.768106,-122.386927
1996,10.55,34.198292,-118.600913
1998,10.55,37.789864,-122.393665
1999,10.54,33.818477,-118.038307
2000,10.54,32.608865,-116.71966
2001,10.53,33.709935,-117.870431
2002,10.52,33.891133,-117.326749
2003,10.52,37.775545,-122.218705
2005,10.51,33.253548,-117.003366
2006,10.50,33.747155,-117.907326
2007,10.49,33.346808,-116.853215
2008,10.48,37.799367,-122.398407
2009,10.47,33.601966,-117.864254
2010,10.46,33.606695,-117.60436
2011,10.45,36.784482,-121.759054
2012,10.45,33.807607,-117.015163
2014,10.44,34.15404,-118.593153
2015,10.43,33.721131,-117.90511
2017,10.42,34.230854,-118.365856
2018,10.41,33.955729,-118.118346
2019,10.40,34.155097,-118.547553
2021,10.40,33.451469,-117.659056
2023,10.38,33.748086,-117.468037
2024,10.38,32.808563,-116.710076
2025,10.38,34.222506,-118.444689
2026,10.37,33.298504,-116.924783
2028,10.36,36.82815,-121.776583
2029,10.35,33.850616,-118.039565
2030,10.35,34.185767,-118.388323
2031,10.35,33.828396,-117.20766
2035,10.31,34.107753,-118.616219
2036,10.30,36.469275,-118.800919
2039,10.28,33.752476,-117.612554
2040,10.26,34.207341,-118.400973
2041,10.25,33.74513,-117.984873
2042,10.24,33.994523,-118.149952
2043,10.23,34.165783,-118.399795
2048,10.20,34.199824,-118.447609
2049,10.20,33.867743,-118.069472
2050,10.19,33.795196,-116.932856
2051,10.19,33.8676,-118.080612
2055,10.17,33.830482,-118.073451
2056,10.15,33.492391,-116.837955
2057,10.13,33.841027,-118.079141
2059,10.13,34.195685,-118.490752
2060,10.13,33.783064,-118.026268
2061,10.11,33.649528,-117.376774
2062,10.08,37.791887,-122.245334
2064,10.07,34.1692,-118.372498
2075,10.07,33.680226,-117.526144
2076,10.06,37.82935,-122.203507
2078,10.04,33.708982,-117.198853
2079,9.98,37.87992,-122.184572
2080,9.97,34.150212,-119.127729
2083,9.95,33.787292,-117.320673
2084,9.95,34.160236,-118.515472
2085,9.95,33.746707,-117.172142
2086,9.93,33.692673,-117.302957
2087,9.93,33.758663,-117.109484
2089,9.93,33.810743,-117.105415
2092,9.91,34.108023,-118.456964
2094,9.91,34.44137,-119.514092
2095,9.91,34.08746,-118.544232
2105,9.90,33.694019,-117.250341
2106,9.86,33.634626,-117.874882
2110,9.86,34.148617,-118.433298
2111,9.85,34.227892,-119.079552
2113,9.85,33.906956,-118.08264
2114,9.84,34.149588,-118.489708
2115,9.80,33.795012,-118.062692
2116,9.78,34.178522,-118.459234
2117,9.76,34.127194,-118.295647
2118,9.75,37.737572,-122.245507
2119,9.74,34.178483,-118.431791
2120,9.73,34.449185,-119.804782
2121,9.72,33.652675,-117.173568
2122,9.69,37.811406,-122.242458
2123,9.69,34.022502,-118.199613
2125,9.66,34.147149,-118.463365
2126,9.65,33.605086,-117.892319
2127,9.65,37.959549,-122.283578
2128,9.65,33.285274,-117.197777
2129,9.64,34.080017,-118.262643
2131,9.62,33.889151,-118.402127
2132,9.62,34.09254,-118.491064
2133,9.59,33.942108,-118.417488
2136,9.59,33.940445,-118.129022
2137,9.58,37.820661,-122.369655
2138,9.58,33.212444,-117.116098
2139,9.58,33.147294,-117.322181
2141,9.55,33.91714,-118.404267
2142,9.55,34.40778,-119.306554
2144,9.53,33.710582,-117.951129
2145,9.53,34.402343,-119.094824
2146,9.52,34.072862,-118.240989
2148,9.52,34.205247,-119.174092
2149,9.52,33.648169,-116.895308
2150,9.52,33.729853,-117.03406
2151,9.51,37.844672,-122.238105
2153,9.48,33.102005,-117.080419
2154,9.47,33.679591,-117.908531
2158,9.45,34.039034,-118.707992
2159,9.45,34.170854,-119.202409
2160,9.44,34.05038,-118.211991
2162,9.42,33.723228,-118.008692
2163,9.40,32.983606,-117.019035
2164,9.40,34.533222,-119.791731
2165,9.38,33.667301,-116.963506
2166,9.38,33.758405,-118.075043
2167,9.38,33.665848,-117.04966
2168,9.35,33.937886,-118.358559
2170,9.33,33.947305,-118.439841
2171,9.32,33.956526,-118.358654
2180,9.30,34.129772,-118.330989
2181,9.30,33.987729,-118.186597
2182,9.30,33.921793,-118.140588
2183,9.29,34.181971,-119.224985
2184,9.29,34.278679,-119.165615
2185,9.29,34.061735,-118.276757
2189,9.28,33.219935,-117.202606
2191,9.28,34.099912,-118.326912
2193,9.27,32.908915,-116.891975
2195,9.26,33.195534,-117.354538
2196,9.26,33.976582,-118.455222
2197,9.25,34.150818,-118.368159
2198,9.25,32.930554,-117.008063
2202,9.24,33.647763,-117.919761
2203,9.23,34.054534,-118.457025
2204,9.23,33.988047,-118.370361
2206,9.22,34.138761,-118.350933
2207,9.21,34.0712,-118.443523
2208,9.20,33.482811,-117.226126
2209,9.20,34.07041,-118.350411
2210,9.20,33.975332,-118.355252
2211,9.20,32.786772,-117.234207
2212,9.19,34.100517,-118.414712
2213,9.19,33.993396,-118.465193
2214,9.19,34.089848,-118.294661
2215,9.18,34.003638,-118.308806
2217,9.18,33.67901,-118.014603
2218,9.18,33.547613,-117.34404
2222,9.15,34.026608,-118.473643
2223,9.15,32.824572,-117.199518
2224,9.14,34.028887,-118.317183
2225,9.13,33.823943,-118.111335
2226,9.13,33.0824,-117.127641
2227,9.13,33.864259,-118.399303
2228,9.13,34.052876,-118.254943
2229,9.12,34.039378,-118.2663
2230,9.12,34.238786,-119.186492
2231,9.12,34.028331,-118.354338
2232,9.12,34.052913,-118.26434
2235,9.11,34.10781,-118.362247
2236,9.11,33.887821,-118.12725
2237,9.11,33.376467,-117.066121
2238,9.10,32.999818,-117.071808
2239,9.10,34.030755,-118.492101
2240,9.08,34.140822,-118.392864
2241,9.08,34.066379,-118.30987
2242,9.08,34.06221,-118.401966
2243,9.08,34.088475,-118.325527
2244,9.07,32.838798,-116.869956
2245,9.06,34.049841,-118.33846
2246,9.06,32.806476,-117.168879
2247,9.05,34.051809,-118.383674
2248,9.05,33.95889,-118.330548
2249,9.05,34.059163,-118.306892
2250,9.05,34.009552,-118.346724
2251,9.05,34.076198,-118.310722
2252,9.05,33.601984,-117.913001
2253,9.05,34.002028,-118.430656
2254,9.04,34.065723,-118.434969
2255,9.04,37.773793,-122.278115
2262,9.02,34.065975,-118.238642
2264,9.01,34.057597,-118.413998
2286,9.01,33.19784,-117.248203
2287,9.00,34.034666,-118.504039
2288,9.00,34.062148,-118.315889
2293,8.99,33.107582,-117.292182
2294,8.98,34.013666,-118.49375
2295,8.98,33.975414,-118.41699
2296,8.98,34.093828,-118.381697
2297,8.98,34.011312,-118.469762
2298,8.97,33.623208,-117.933903
2299,8.97,34.072924,-118.37271
2300,8.96,34.045421,-118.445873
2301,8.96,33.939766,-118.331085
2302,8.96,34.020221,-118.286035
2303,8.95,34.028129,-118.284829
2307,8.95,34.037251,-118.423573
2308,8.95,33.511228,-117.042396
2309,8.95,33.617844,-117.259304
2310,8.95,33.979248,-118.217438
2311,8.94,34.283668,-119.223196
2312,8.94,34.064958,-118.382979
2313,8.94,33.535277,-117.104791
2314,8.94,33.847989,-118.112601
2315,8.94,34.030578,-118.399613
2316,8.93,33.997862,-118.393617
2319,8.91,34.048041,-118.294177
2320,8.91,34.002844,-118.2164
2321,8.90,33.580016,-117.14736
2322,8.90,34.019323,-118.391902
2323,8.90,33.988505,-118.336358
2328,8.90,33.170775,-117.158676
2330,8.89,33.72524,-118.051579
2331,8.89,33.201242,-117.296984
2332,8.89,33.66205,-117.968459
2336,8.85,33.873215,-118.37036
2337,8.85,33.88856,-118.351813
2338,8.84,33.164374,-117.24027
2339,8.84,33.970343,-118.171368
2340,8.82,33.254619,-117.283341
2341,8.82,33.953617,-118.308428
2342,8.81,34.421964,-119.593483
2343,8.81,34.045405,-118.240454
2345,8.78,33.914775,-118.348083
2347,8.77,33.1585,-117.277163
2348,8.77,33.011833,-117.132686
2349,8.77,33.74212,-118.312878
2350,8.76,33.716666,-118.076906
2351,8.75,33.794348,-118.116391
2352,8.74,32.573755,-117.120872
2354,8.72,33.830006,-118.387124
2355,8.71,32.765244,-117.200391
2356,8.69,34.002719,-118.287487
2357,8.66,32.721919,-116.788204
2360,8.64,33.974027,-118.249509
2361,8.63,34.029036,-118.23787
2362,8.61,33.117154,-117.180627
2366,8.60,33.726516,-118.090327
2369,8.56,33.780065,-118.372454
2381,8.55,37.8088,-122.269196
2382,8.54,33.753155,-118.367963
2383,8.54,32.806794,-117.13493
2388,8.48,33.964131,-118.272783
2390,8.48,34.043146,-118.251746
2391,8.47,34.040587,-118.255404
2392,8.43,37.834403,-122.264368
2393,8.43,33.949099,-118.246737
2394,8.43,33.952725,-118.291904
2395,8.43,33.884696,-118.329998
2396,8.42,33.778436,-118.118648
2397,8.42,37.807215,-122.301497
2398,8.42,33.840398,-118.353715
2399,8.41,32.908449,-117.14138
2400,8.41,32.553021,-117.042454
2401,8.40,33.390477,-117.209427
2402,8.39,34.448024,-119.616984
2403,8.38,33.90139,-118.315697
2404,8.38,33.867257,-118.330794
2405,8.34,33.849034,-118.147902
2406,8.32,33.926262,-118.249883
2407,8.32,34.00709,-118.258681
2408,8.28,32.88607,-117.085982
2410,8.28,37.865183,-122.238209
2412,8.25,32.96692,-117.126158
2413,8.21,37.836844,-122.289143
2414,8.19,34.446201,-119.762794
2415,8.19,33.756289,-118.130636
2416,8.18,32.776012,-116.880634
2417,8.13,33.944159,-118.192761
2418,8.10,33.890853,-118.297967
2419,8.09,32.774046,-117.142454
2420,8.09,33.92128,-118.274186
2421,8.07,33.09547,-117.243882
2423,8.03,37.942798,-122.322923
2424,8.01,33.343438,-117.31725
2426,7.99,32.823766,-117.092378
2427,7.97,33.898883,-118.166629
2430,7.93,33.387723,-117.444758
2431,7.93,37.916555,-122.341233
2432,7.90,32.623185,-116.949053
2433,7.89,33.771616,-118.143631
2434,7.88,33.781686,-118.148365
2435,7.86,32.608185,-117.054512
2436,7.83,33.807882,-118.347957
2437,7.82,33.923533,-118.200705
2438,7.80,33.056022,-117.2599
2440,7.76,33.020908,-117.190346
2441,7.74,32.557022,-117.006214
2442,7.74,37.866536,-122.257996
2443,7.74,32.861727,-117.171224
2444,7.69,32.637868,-117.058031
2451,7.68,32.852358,-116.987842
2452,7.67,37.873832,-122.254944
2453,7.67,32.739055,-117.245404
2454,7.66,33.731442,-118.278869
2455,7.64,32.724154,-116.940093
2456,7.63,33.912246,-118.236773
2458,7.60,37.863911,-122.275643
2459,7.57,32.619459,-116.98582
2460,7.54,33.878432,-118.284104
2461,7.53,33.864617,-118.180567
2464,7.50,33.885624,-118.205918
2465,7.48,33.833744,-118.314022
2466,7.48,32.945791,-117.214366
2467,7.48,37.865777,-122.286321
2472,7.40,32.795508,-116.969747
2473,7.40,37.879234,-122.266839
2477,7.33,37.921561,-122.298337
2478,7.30,33.793809,-118.31717
2479,7.29,32.899592,-117.201203
2480,7.28,32.817888,-117.031956
2482,7.25,37.863914,-122.306465
2483,7.25,32.710818,-117.237613
2484,7.24,32.674004,-116.943932
2485,7.19,32.72488,-117.219962
2486,7.19,33.8629,-118.251318
2487,7.17,33.859171,-118.252272
2488,7.10,32.794714,-117.071764
2489,7.10,33.015927,-117.243517
2490,7.07,32.759333,-116.997247
2493,7.04,32.747415,-117.166883
2494,7.03,33.833181,-118.292062
2495,7.02,32.777999,-117.021511
2497,7.02,33.82774,-118.17482
2498,7.01,32.764971,-117.123145
2501,6.99,33.88151,-118.234451
2502,6.99,32.739496,-117.197401
2503,6.96,37.902226,-122.317378
2504,6.94,32.963199,-117.250309
2505,6.93,37.902944,-122.261795
2507,6.88,33.803431,-118.16977
2508,6.88,33.822725,-118.264109
2511,6.86,32.764998,-117.073641
2512,6.85,33.805401,-118.187701
2513,6.83,34.438773,-119.678841
2516,6.75,32.741501,-117.127948
2517,6.74,33.799904,-118.298661
2518,6.73,33.779284,-118.261723
2519,6.73,37.898189,-122.27913
2522,6.68,32.726237,-116.994318
2523,6.67,33.782259,-118.196793
2524,6.67,32.665762,-117.018657
2536,6.62,32.856347,-117.250058
2537,6.61,32.724223,-117.146587
2538,6.60,33.819814,-118.222416
2539,6.60,37.889704,-122.295531
2540,6.57,32.674984,-117.161726
2541,6.57,33.02325,-117.274923
2542,6.56,34.406428,-119.726888
2551,6.54,32.997248,-117.26058
2590,6.50,32.724103,-117.170912
2592,6.48,34.418979,-119.709166
2593,6.47,32.737827,-117.092673
2595,6.36,32.733168,-117.034176
2596,6.36,32.679888,-117.04889
2597,6.36,33.768334,-118.201636
2598,6.35,32.71622,-117.117057
2599,6.33,32.713608,-117.172089
2601,6.31,32.707756,-117.055095
2603,6.29,32.670646,-117.094668
2604,6.22,33.745762,-118.208042
2606,5.99,32.696716,-117.117881
2607,5.97,32.699234,-117.209642
2608,5.85,32.697543,-117.192775
